id,text,author_id,public_metrics,name,spectrum
2023032861956423839,Yes! https://t.co/Rpx1YlBOs7,44196397,"{'retweet_count': 1254, 'reply_count': 1345, 'like_count': 10366, 'quote_count': 65, 'bookmark_count': 196, 'impression_count': 731368}",Elon,C
2023032187466183103,"AI must pass, in general, the “Galileo” test: even if almost all the training data repeats falsehoods, it must nonetheless see the truth https://t.co/5OURuiOP4f",44196397,"{'retweet_count': 1149, 'reply_count': 1577, 'like_count': 10339, 'quote_count': 110, 'bookmark_count': 612, 'impression_count': 964348}",Elon,C
2023027180247331213,"Wilberforce, and people like him, ended the global slave trade that had existed for several thousand years. 

They didn’t invent it, but they did stop it.

I should say almost entirely. There are still remnants of it in some parts of the world. https://t.co/HTNROgL8nO",44196397,"{'retweet_count': 1968, 'reply_count': 1360, 'like_count': 12030, 'quote_count': 86, 'bookmark_count': 755, 'impression_count': 1051394}",Elon,C
2022938126529040654,I love this monologue https://t.co/qDPRMnn68C,44196397,"{'retweet_count': 3258, 'reply_count': 2037, 'like_count': 26520, 'quote_count': 110, 'bookmark_count': 1520, 'impression_count': 7307008}",Elon,C
2022919799752294493,"For a country to survive, there has to be a common culture.

Nobody dies to defend a “multicultural economic zone”!

American culture, with its English-Scotts-Irish origin, is great and worth fighting for. 

Some may not realize it, but that’s why people come here. https://t.co/3qHYdyWp7k",44196397,"{'retweet_count': 11437, 'reply_count': 8112, 'like_count': 75784, 'quote_count': 1062, 'bookmark_count': 7334, 'impression_count': 6716557}",Elon,C
2022915846398448057,"Starship
 https://t.co/2JGpJuBWrh",44196397,"{'retweet_count': 10966, 'reply_count': 5856, 'like_count': 106213, 'quote_count': 680, 'bookmark_count': 5167, 'impression_count': 14355017}",Elon,C
2022906707572330786,Yup https://t.co/CYkNFpBcsx,44196397,"{'retweet_count': 11707, 'reply_count': 2771, 'like_count': 66523, 'quote_count': 201, 'bookmark_count': 2780, 'impression_count': 8519634}",Elon,C
2022819445538709734,"Dragon is docked with @Space_Station 
 https://t.co/nrX1aDJsBz",44196397,"{'retweet_count': 28656, 'reply_count': 11222, 'like_count': 444074, 'quote_count': 1423, 'bookmark_count': 19691, 'impression_count': 56531234}",Elon,C
2022740974452297871,Long time ago https://t.co/B37kp6rt9t,44196397,"{'retweet_count': 18281, 'reply_count': 9402, 'like_count': 252048, 'quote_count': 627, 'bookmark_count': 3503, 'impression_count': 19167883}",Elon,C
2022739066068856915,Astronauts docking with @Space_Station https://t.co/5FEvxrDLKv,44196397,"{'retweet_count': 5079, 'reply_count': 1598, 'like_count': 33797, 'quote_count': 93, 'bookmark_count': 836, 'impression_count': 10150426}",Elon,C
2022738795557494822,If only there were a company that could do this 🤔 https://t.co/K4dq9waPdH,44196397,"{'retweet_count': 7489, 'reply_count': 3870, 'like_count': 62784, 'quote_count': 289, 'bookmark_count': 2812, 'impression_count': 10465949}",Elon,C
2022733998943084877,And she brought a friend 😉 https://t.co/FxHky1Wktd,44196397,"{'retweet_count': 1275, 'reply_count': 1724, 'like_count': 23986, 'quote_count': 112, 'bookmark_count': 560, 'impression_count': 1166897}",Elon,C
2022733873554350168,Still kinda hot tbh https://t.co/cp8HdAxK0w,44196397,"{'retweet_count': 27402, 'reply_count': 11350, 'like_count': 491591, 'quote_count': 2678, 'bookmark_count': 21580, 'impression_count': 39415022}",Elon,C
2022717924448911725,https://t.co/op5s4ZikGJ https://t.co/L1nJSbaLfQ,44196397,"{'retweet_count': 3691, 'reply_count': 1941, 'like_count': 21209, 'quote_count': 95, 'bookmark_count': 733, 'impression_count': 4033248}",Elon,C
2022693521371599313,Wow https://t.co/oFIANmo8gM,44196397,"{'retweet_count': 42636, 'reply_count': 8759, 'like_count': 249433, 'quote_count': 1165, 'bookmark_count': 15220, 'impression_count': 27162582}",Elon,C
2022693118978724277,Join @xAI https://t.co/Fo3kjhaTXA,44196397,"{'retweet_count': 4274, 'reply_count': 3534, 'like_count': 22741, 'quote_count': 177, 'bookmark_count': 2174, 'impression_count': 14641058}",Elon,C
2022691501428617278,😂 https://t.co/XgsQfhtUTI,44196397,"{'retweet_count': 22805, 'reply_count': 3779, 'like_count': 127423, 'quote_count': 566, 'bookmark_count': 11903, 'impression_count': 13729822}",Elon,C
2022690746407456790,This bot got hands https://t.co/0zDxXJ8DsN,44196397,"{'retweet_count': 5909, 'reply_count': 2814, 'like_count': 43560, 'quote_count': 162, 'bookmark_count': 1928, 'impression_count': 12513866}",Elon,C
2022690471177523333,True https://t.co/IYprTw3REg,44196397,"{'retweet_count': 1898, 'reply_count': 1829, 'like_count': 24144, 'quote_count': 76, 'bookmark_count': 680, 'impression_count': 43860314}",Elon,C
2022690055412916457,♥️♥️♥️ Happy Valentine’s Day ♥️♥️♥️,44196397,"{'retweet_count': 29964, 'reply_count': 26348, 'like_count': 549057, 'quote_count': 4690, 'bookmark_count': 5331, 'impression_count': 59484478}",Elon,C
2022739515480371500,"Are you a daycare?

Because you are Somali I’d commit fraud with 😘

Happy Valentines ❤️",819432501982752768,"{'retweet_count': 392, 'reply_count': 328, 'like_count': 9372, 'quote_count': 32, 'bookmark_count': 93, 'impression_count': 185765}",Nick shirley,C
2022477310046408938,"MSM is more concerned over $40 million to deport illegal migrants who in reality actually cost us BILLIONS

NYC alone spent over $10+ billion on illegals under Biden

Btw $40M is about the same as a few Somali daycares in Minnesota lol https://t.co/hO85NNbw68",819432501982752768,"{'retweet_count': 3504, 'reply_count': 504, 'like_count': 19422, 'quote_count': 67, 'bookmark_count': 277, 'impression_count': 284259}",Nick shirley,C
2022389875589419012,"🚨 Migrant children living in tents on California streets 

Skid Row is the most densely populated area of homeless in America, most are adults but there are also CHILDREN who are living on these streets surrounded by drugs and chaos

Tragic scenes from California streets https://t.co/ZQY6ZSuBZJ",819432501982752768,"{'retweet_count': 6341, 'reply_count': 1721, 'like_count': 28501, 'quote_count': 400, 'bookmark_count': 1168, 'impression_count': 692440}",Nick shirley,C
2021636480649888181,Nick Shirley meets Nick Shirley 😂💀 https://t.co/wJnvbDNLDM,819432501982752768,"{'retweet_count': 1793, 'reply_count': 574, 'like_count': 24036, 'quote_count': 85, 'bookmark_count': 941, 'impression_count': 320973}",Nick shirley,C
2021429387925807450,No one should be afraid unless they are doing something illegal or are by law illegally here https://t.co/Gx1zEVuc0E,819432501982752768,"{'retweet_count': 2757, 'reply_count': 1294, 'like_count': 18744, 'quote_count': 124, 'bookmark_count': 121, 'impression_count': 281034}",Nick shirley,C
2020982290269208883,"More to come from California in the coming days, working on the full video atm 👀 The best way to support is by following along and sharing. Also new “Support Independent Journalism” hoodies are available on my website if you’d like to purchase
 https://t.co/p1bIvXTFsT",819432501982752768,"{'retweet_count': 775, 'reply_count': 130, 'like_count': 5094, 'quote_count': 17, 'bookmark_count': 63, 'impression_count': 94516}",Nick shirley,C
2020963155518906778,"Welcome to California…
Here they will let you overdose on their streets, give you the narcan to revive yourself and then give you the supplies to kill yourself again 💀

The homeless industrial complex has corruption, fraud and waste all over it. https://t.co/8f3tXX7g50",819432501982752768,"{'retweet_count': 19115, 'reply_count': 2757, 'like_count': 81697, 'quote_count': 1113, 'bookmark_count': 3966, 'impression_count': 1387481}",Nick shirley,C
2020926188060061886,"Honestly good on Bad Bunny for not making it too political and showcasing his talent, music, and culture. It was a good performance

People are upset because why would the NFL have someone who their PRIMARY audience can’t even understand 💀

Gen z and others didn’t mind the",819432501982752768,"{'retweet_count': 189, 'reply_count': 1087, 'like_count': 6343, 'quote_count': 31, 'bookmark_count': 132, 'impression_count': 271574}",Nick shirley,C
2020926185988030677,"The halftime wasn’t bad

It would’ve made for an EPIC World Cup performance but not the Super Bowl where its audience is primarily people who don’t speak spanish 

My grandpa said I watched “20 weeks straight for a halftime I can’t even understand” that’s the problem",819432501982752768,"{'retweet_count': 449, 'reply_count': 926, 'like_count': 14058, 'quote_count': 55, 'bookmark_count': 346, 'impression_count': 501014}",Nick shirley,C
2019231082311479764,"Also I took this out for the interview on X but I just released new ""Support Independent Journalism"" hoodies and tees on my site @ https://t.co/XWmxQAqxBY

Go and get one to help support my work and let people know where you stand! California fraud videos coming soon 👀 https://t.co/ang8e8dUm5",819432501982752768,"{'retweet_count': 345, 'reply_count': 142, 'like_count': 2463, 'quote_count': 12, 'bookmark_count': 40, 'impression_count': 84936}",Nick shirley,C
2019215073063891320,"🚨 Exposing How the U.S. Government Commits Fraud Against Its Own Citizens:
In this Interview I sat down with the Deputy Secretary of HHS @HHS_Jim to learn how fraud is committed against US taxpayers as federal money gets sent to states and ends up into the hands of fraudsters. https://t.co/6bWtSQoiKD",819432501982752768,"{'retweet_count': 4682, 'reply_count': 545, 'like_count': 15819, 'quote_count': 149, 'bookmark_count': 1413, 'impression_count': 393613}",Nick shirley,C
2018856735805730974,"Also just want to say thank you to all of you who watch, share and like what I post it really does mean a lot 🙏🏼 all this money will go towards my content or maybe a cyber truck…. (I’ve always wanted one 🤣) seriously everything I do is not possible without your guys support 🙏🏼",819432501982752768,"{'retweet_count': 1292, 'reply_count': 730, 'like_count': 19088, 'quote_count': 31, 'bookmark_count': 82, 'impression_count': 158618}",Nick shirley,C
2018856732395729070,"Extremely grateful to have been selected as an Honorable Mention and win $100,000

X is the future 

Unlike other platforms your reach is uncapped, content can create change and spark global conversation

If X can pay creators to compete with Youtube and Facebook it’s game over. https://t.co/JvK1QNLGdI",819432501982752768,"{'retweet_count': 4135, 'reply_count': 1571, 'like_count': 43552, 'quote_count': 142, 'bookmark_count': 541, 'impression_count': 843080}",Nick shirley,C
2018786623622902037,"Did Zohrans communist idea just get beat by a bunch of capitalists in NYC? 

The irony is a bit funny https://t.co/RYXzCByC14",819432501982752768,"{'retweet_count': 546, 'reply_count': 290, 'like_count': 7132, 'quote_count': 16, 'bookmark_count': 233, 'impression_count': 465957}",Nick shirley,C
2018452028352253959,"Coordinated attacks all across America to try and stop ICE from deporting illegals. Notice how one of the illegals was a white Russian and the ICE agent was a black man? This has nothing to do with race, illegal means illegal and the law is the law 🤷‍♂️ https://t.co/KExUhWiEcq",819432501982752768,"{'retweet_count': 4430, 'reply_count': 457, 'like_count': 19091, 'quote_count': 46, 'bookmark_count': 485, 'impression_count': 333167}",Nick shirley,C
2017733032204243426,"They leared the hard way 🤣Support the cause, get yourself a hoodie or tee https://t.co/9hYvhy11ay",819432501982752768,"{'retweet_count': 467, 'reply_count': 199, 'like_count': 5439, 'quote_count': 11, 'bookmark_count': 34, 'impression_count': 132629}",Nick shirley,C
2017733027837972592,"$1.9 Million tax dollars saved by 2 guys

Everyone tried to debunk no one could

Closed, fraud exposed and your tax dollars saved. 

Truth hurts they leared https://t.co/c6cxkw7ndy https://t.co/cNQrIifgLR",819432501982752768,"{'retweet_count': 5521, 'reply_count': 1124, 'like_count': 39978, 'quote_count': 112, 'bookmark_count': 365, 'impression_count': 910109}",Nick shirley,C
2017727772807074182,"New “Support Independent Journalism” hoodies are out now, here is link to support the work https://t.co/p1bIvXTFsT",819432501982752768,"{'retweet_count': 826, 'reply_count': 553, 'like_count': 6806, 'quote_count': 31, 'bookmark_count': 116, 'impression_count': 262119}",Nick shirley,C
2017705413681217560,Hello California I’ve arrived https://t.co/lqYxagMoDa,819432501982752768,"{'retweet_count': 24317, 'reply_count': 20884, 'like_count': 272014, 'quote_count': 2498, 'bookmark_count': 2610, 'impression_count': 8063460}",Nick shirley,C
2022464485198536874,Enjoy celebrating Washington’s Birthday! https://t.co/Ydy56bNTAF,487297085,"{'retweet_count': 114, 'reply_count': 45, 'like_count': 808, 'quote_count': 2, 'bookmark_count': 7, 'impression_count': 60947}",Ron DeSantis,C
2021970480895529331,Good to see progress monitoring producing results for students and parents! https://t.co/bQJRRMTnwO,487297085,"{'retweet_count': 92, 'reply_count': 54, 'like_count': 495, 'quote_count': 1, 'bookmark_count': 4, 'impression_count': 43349}",Ron DeSantis,C
2021703438628008141,"Looking forward to liberating our anglers to enjoy red snapper fishing in the Atlantic.

State management of Gulf red snapper season has been a big success, with more than 120 days available for our anglers — a massive increase from 7 years ago.

We will do the same for Atlantic https://t.co/S3ZWtUiSXH",487297085,"{'retweet_count': 147, 'reply_count': 54, 'like_count': 1046, 'quote_count': 2, 'bookmark_count': 14, 'impression_count': 70181}",Ron DeSantis,C
2021629108321759300,"We stopped the pronoun wars in Florida.  

It is ridiculous that schools would hide a “gender transition” from a student’s parents. https://t.co/K3LoWKt5wc",487297085,"{'retweet_count': 455, 'reply_count': 147, 'like_count': 3473, 'quote_count': 12, 'bookmark_count': 36, 'impression_count': 76235}",Ron DeSantis,C
2021626910535815390,Florida leads! https://t.co/04K93iVu9n,487297085,"{'retweet_count': 211, 'reply_count': 76, 'like_count': 1086, 'quote_count': 5, 'bookmark_count': 20, 'impression_count': 42823}",Ron DeSantis,C
2021625232403182020,Great job promoting civics education! https://t.co/x7LaUwE1K7,487297085,"{'retweet_count': 105, 'reply_count': 26, 'like_count': 599, 'quote_count': 4, 'bookmark_count': 7, 'impression_count': 35657}",Ron DeSantis,C
2021588653944803524,Great time of year: pitchers and catchers report! https://t.co/UgGS6ZXB6B,487297085,"{'retweet_count': 56, 'reply_count': 53, 'like_count': 1048, 'quote_count': 5, 'bookmark_count': 4, 'impression_count': 41192}",Ron DeSantis,C
2021378545076113889,"There are a lot of serious crimes that aren’t considered “violent,” such as child porn, identity theft, DUI, etc.

Plus, there are illegal aliens who are under charges or have been convicted of criminal offenses in their home country.

Finally, what is this supposed to prove?  Is https://t.co/3WRikIy324",487297085,"{'retweet_count': 2618, 'reply_count': 532, 'like_count': 12606, 'quote_count': 104, 'bookmark_count': 443, 'impression_count': 297434}",Ron DeSantis,C
2021232598303801698,Nice! https://t.co/9lkn0IY9bw,487297085,"{'retweet_count': 106, 'reply_count': 75, 'like_count': 1647, 'quote_count': 4, 'bookmark_count': 24, 'impression_count': 59032}",Ron DeSantis,C
2020905550977094040,Thanks to FIU for hosting our chat about President Reagan’s legacy! https://t.co/v9evzlQjhH,487297085,"{'retweet_count': 71, 'reply_count': 33, 'like_count': 496, 'quote_count': 2, 'bookmark_count': 9, 'impression_count': 40088}",Ron DeSantis,C
2020881375407317162,"Super Bowl III &gt; Super Bowl LX 

Congrats to the Seahawks, but it was a forgettable Super Bowl, whereas Joe Namath delivering on his win guarantee remains one of the most epic games in SB history. https://t.co/z8ENogvDOj",487297085,"{'retweet_count': 37, 'reply_count': 63, 'like_count': 463, 'quote_count': 1, 'bookmark_count': 9, 'impression_count': 71610}",Ron DeSantis,C
2020641080434418111,Congratulations Madame Prime Minister! https://t.co/EUFQv47XT0,487297085,"{'retweet_count': 1255, 'reply_count': 150, 'like_count': 12697, 'quote_count': 23, 'bookmark_count': 131, 'impression_count': 122573}",Ron DeSantis,C
2020509720751022546,Is there anyone who thinks Kaepernick is the “most relevant” figure in Super Bowl LX who is not an activist for a corporate media outlet? https://t.co/X54uWqFqsX,487297085,"{'retweet_count': 282, 'reply_count': 361, 'like_count': 4772, 'quote_count': 30, 'bookmark_count': 23, 'impression_count': 217120}",Ron DeSantis,C
2020273173821026506,"Will Mason’s luck run out?

Pats vs Seahawks Super Bowl LX prediction. https://t.co/nGLkB69Pws",487297085,"{'retweet_count': 202, 'reply_count': 359, 'like_count': 2941, 'quote_count': 37, 'bookmark_count': 88, 'impression_count': 151412}",Ron DeSantis,C
2020261891554390289,"RINOs teamed up with leftist media to manufacture a witch hunt, but have failed. https://t.co/lKZHrIEFxO",487297085,"{'retweet_count': 393, 'reply_count': 92, 'like_count': 2981, 'quote_count': 5, 'bookmark_count': 18, 'impression_count': 106042}",Ron DeSantis,C
2020260695724687809,Winning one more for the Gipper! https://t.co/PzwGtrdFB8,487297085,"{'retweet_count': 565, 'reply_count': 132, 'like_count': 5658, 'quote_count': 8, 'bookmark_count': 38, 'impression_count': 115192}",Ron DeSantis,C
2020167573074301138,Another frivolous suit. https://t.co/0xVaTGSf7v,487297085,"{'retweet_count': 471, 'reply_count': 150, 'like_count': 4369, 'quote_count': 8, 'bookmark_count': 22, 'impression_count': 182157}",Ron DeSantis,C
2020144719670480963,The notion that it is somehow unlawful to require transparency regarding the syllabi used in state university classes is absurd. https://t.co/ntyHkYl5fw,487297085,"{'retweet_count': 859, 'reply_count': 104, 'like_count': 4738, 'quote_count': 9, 'bookmark_count': 53, 'impression_count': 133418}",Ron DeSantis,C
2019805961347879239,Great statue of a great American President! https://t.co/HRGYGtb4ZV,487297085,"{'retweet_count': 370, 'reply_count': 111, 'like_count': 3564, 'quote_count': 7, 'bookmark_count': 38, 'impression_count': 83724}",Ron DeSantis,C
2019782148803153981,"It is his birthday and we are dedicating a Reagan statue at FIU today.  It is not a question of being “relevant,” whatever that means. https://t.co/xtbeaP9Tmp",487297085,"{'retweet_count': 240, 'reply_count': 123, 'like_count': 2405, 'quote_count': 18, 'bookmark_count': 16, 'impression_count': 82830}",Ron DeSantis,C
2022727415701893461,"Happy Valentine’s Day to the love of my life, @kelleyashbypaul. Grateful for you today and always. https://t.co/Lav0WcGKqR",216881337,"{'retweet_count': 137, 'reply_count': 273, 'like_count': 4117, 'quote_count': 7, 'bookmark_count': 24, 'impression_count': 96336}",Rand Paul,C
2022073781423075731,The one thing that can kill Trump’s economy - American Thinker https://t.co/GwO5BXU8oz,216881337,"{'retweet_count': 40, 'reply_count': 225, 'like_count': 241, 'quote_count': 3, 'bookmark_count': 18, 'impression_count': 51475}",Rand Paul,C
2022026537579450594,"Open borders advocates say ONLY 14% of illegals deported are violent criminals - but that’s 56,000 violent criminals.  

If someone in your family is the victim of a crime by one of the 56,000, I’m guessing the ONLY 14% stat is not very comforting…
 https://t.co/EeWltPGSnm",216881337,"{'retweet_count': 316, 'reply_count': 485, 'like_count': 2283, 'quote_count': 30, 'bookmark_count': 36, 'impression_count': 50459}",Rand Paul,C
2021596851363815714,I am not for chaos or force in the streets. I am for deporting violent criminals who are already in jail. Most Americans agree with that. https://t.co/A53LusffEZ,216881337,"{'retweet_count': 439, 'reply_count': 2850, 'like_count': 3773, 'quote_count': 104, 'bookmark_count': 69, 'impression_count': 223876}",Rand Paul,C
2021379582008668540,"Twisting Christianity to defend irreversible procedures on minors is not faith, it is politics. Real compassion protects children from permanent harm and puts parents back in charge.

Good luck @AndyBeshearKY in making child mutilation a centerpiece of your Presidential run! https://t.co/SWXI6XzT75",216881337,"{'retweet_count': 1701, 'reply_count': 680, 'like_count': 10693, 'quote_count': 71, 'bookmark_count': 206, 'impression_count': 250220}",Rand Paul,C
2021009945450492398,The irony of a governor who sent state police to arrest churchgoers on Easter Sunday now wanting to nullify federal immigration law https://t.co/HpyWqo9hEm,216881337,"{'retweet_count': 3184, 'reply_count': 732, 'like_count': 13744, 'quote_count': 81, 'bookmark_count': 288, 'impression_count': 389022}",Rand Paul,C
2019137129948016995,"We should build a wall around our welfare system. Taxpayer money isn’t charity. I voted NO on more refugee welfare and pushed to cut waste. If we can’t cut $5B, we’ll never balance a $2T deficit. @CarlHigbie. https://t.co/oP3rGMEPsM",216881337,"{'retweet_count': 575, 'reply_count': 436, 'like_count': 6251, 'quote_count': 25, 'bookmark_count': 41, 'impression_count': 132213}",Rand Paul,C
2019125554100793540,"We have every right to defend our troops and shoot down threats. But you cannot bomb a regime into freedom. No nukes for Iran, real inspections, and no American boots on the ground. Endless war is not a strategy. https://t.co/7BcNKClj4N",216881337,"{'retweet_count': 164, 'reply_count': 576, 'like_count': 1444, 'quote_count': 21, 'bookmark_count': 36, 'impression_count': 136067}",Rand Paul,C
2019114447055532179,Good sign to see ICE drawing down in Minnesota. Federal agents should not be crowd control. They should work with local police on targeted arrests with warrants. That is how law enforcement earns trust. Thanks for the conversation @Varneyco https://t.co/nZjQujaLJl,216881337,"{'retweet_count': 213, 'reply_count': 1975, 'like_count': 2138, 'quote_count': 68, 'bookmark_count': 57, 'impression_count': 316022}",Rand Paul,C
2018769709508772248,"ICYMI: I had a great conversation with @PatrickBetDavid on his podcast. We discussed a lot, from COVID and individual liberty to immigration, welfare reform, and ending costly regime-change wars. I appreciated the thoughtful discussion we had.

https://t.co/l8K5RPEXF2",216881337,"{'retweet_count': 39, 'reply_count': 73, 'like_count': 316, 'quote_count': 1, 'bookmark_count': 15, 'impression_count': 92433}",Rand Paul,C
2018750248592584740,"America is $38 trillion in debt, yet Washington keeps expanding welfare benefits for illegal immigrants. Refugee spending has soared into the tens of billions. My End Welfare for Non-Citizens Act puts taxpayers first and restores common sense.

https://t.co/9rqkooxBvq",216881337,"{'retweet_count': 802, 'reply_count': 498, 'like_count': 5580, 'quote_count': 35, 'bookmark_count': 39, 'impression_count': 84602}",Rand Paul,C
2018499159389597901,"If a foreign country bombed our defenses and seized our president, every American would call it an act of war. You do not get to change the definition just because it is us doing it. The Constitution does not work one way. Principles only matter if they apply to everyone. https://t.co/TKZJriGxCy",216881337,"{'retweet_count': 334, 'reply_count': 2498, 'like_count': 1926, 'quote_count': 75, 'bookmark_count': 39, 'impression_count': 271104}",Rand Paul,C
2018483545505710095,"Congress alone decides when America goes to war. Calling a military strike “law enforcement” does not change the Constitution. If a foreign power bombed our defenses and seized our president, no one would deny it was an act of war. The standard has to apply both ways.",216881337,"{'retweet_count': 698, 'reply_count': 2231, 'like_count': 3515, 'quote_count': 93, 'bookmark_count': 93, 'impression_count': 172904}",Rand Paul,C
2017372816694264066,"67 senators, 20 of them Republicans, voted to protect earmarks and kill @BasedMikeLee's amendment. That’s how Washington buys votes and buries taxpayers in debt. More pork. More pet projects. Less accountability. https://t.co/I3ydMKmxGz",216881337,"{'retweet_count': 3914, 'reply_count': 1784, 'like_count': 11039, 'quote_count': 543, 'bookmark_count': 375, 'impression_count': 329131}",Rand Paul,C
2017365153835065813,"The Somali fraud exposed a broken system. Instead of reform, Washington spent $5B more. If Republicans can’t cut a fraction of the deficit, they aren’t serious about debt.

See how your senator voted: https://t.co/lZrsexbBTq",216881337,"{'retweet_count': 2215, 'reply_count': 1133, 'like_count': 7670, 'quote_count': 253, 'bookmark_count': 245, 'impression_count': 160961}",Rand Paul,C
2017351630803636369,https://t.co/paBCPJDCGk,216881337,"{'retweet_count': 701, 'reply_count': 214, 'like_count': 4180, 'quote_count': 38, 'bookmark_count': 53, 'impression_count': 83856}",Rand Paul,C
2017281186221998419,"Washington shouldn’t run the welfare state on autopilot while the national debt soars past $38T. That’s why I introduced the End Welfare for Non-Citizens Act to stop taxpayer dollars from being spent on refugees, asylees &amp; illegal immigrants. Let’s protect American workers &amp;",216881337,"{'retweet_count': 561, 'reply_count': 296, 'like_count': 3871, 'quote_count': 29, 'bookmark_count': 35, 'impression_count': 49291}",Rand Paul,C
2017039902240604575,America’s resources should defend Americans. H.R. 260 stops the flow of cash to failed missions overseas and puts our security and our taxpayers back at the center of policy.,216881337,"{'retweet_count': 58, 'reply_count': 25, 'like_count': 761, 'quote_count': 1, 'bookmark_count': 5, 'impression_count': 36265}",Rand Paul,C
2017039900713927165,"For too long, foreign aid has meant endless spending with no accountability. H.R. 260 changes that. Taxpayers deserve to know their money is not fueling corruption or terror abroad.",216881337,"{'retweet_count': 74, 'reply_count': 25, 'like_count': 823, 'quote_count': 3, 'bookmark_count': 10, 'impression_count': 38433}",Rand Paul,C
2017039899271008741,No country or NGO that props up the Taliban should ever receive U.S. tax dollars. This amendment makes that principle law. America must not bankroll those who side with our enemies.,216881337,"{'retweet_count': 132, 'reply_count': 41, 'like_count': 1445, 'quote_count': 5, 'bookmark_count': 10, 'impression_count': 23142}",Rand Paul,C
2022779447741403517,This is a great speech. Worth watching the whole thing. https://t.co/tRmWP3MVdd,1542228578,"{'retweet_count': 10822, 'reply_count': 3232, 'like_count': 76274, 'quote_count': 337, 'bookmark_count': 7093, 'impression_count': 1895901}",JD Vance,C
2022744192406188357,We’re in the final stretch to put the repeal of Prop 4 on the ballot in Utah! I hope more Utahns will join President Trump and Senator Mike Lee in this very important effort to KEEP UTAH RED. Time is running out – find out where you can sign here: https://t.co/bwDXouINHJ 🇺🇸 https://t.co/3kAQyYb7Wg,1542228578,"{'retweet_count': 7964, 'reply_count': 2217, 'like_count': 33220, 'quote_count': 215, 'bookmark_count': 448, 'impression_count': 1033046}",JD Vance,C
2019799501901373752,"Ohio needs leaders who will fight for working families and stand with President Trump’s America First agenda.

That’s why I’m proud to endorse my dear friend Jay Edwards for Ohio Treasurer of State.

Jay and I are both sons of Appalachia. We know what it’s like to come from",1542228578,"{'retweet_count': 2061, 'reply_count': 4359, 'like_count': 17718, 'quote_count': 147, 'bookmark_count': 210, 'impression_count': 801134}",JD Vance,C
2018804550699016333,"Jerry Nadler is one of the highest ranking Democrats in the House of Representatives and he is openly calling for people to shoot federal law enforcement. 

This is despicable behavior from an elected official and I'm sure the leftwing media will cover it extensively. https://t.co/hmbV43h43H",1542228578,"{'retweet_count': 23390, 'reply_count': 12634, 'like_count': 83024, 'quote_count': 1278, 'bookmark_count': 1823, 'impression_count': 3060551}",JD Vance,C
2018668539352105186,"Great piece from Larry Kudlow about the Trump tariffs, which have lowered the trade deficit and induced an investment boom into the US. 

https://t.co/R6evFyE6wO",1542228578,"{'retweet_count': 3393, 'reply_count': 2592, 'like_count': 17564, 'quote_count': 197, 'bookmark_count': 625, 'impression_count': 762774}",JD Vance,C
2018666758547362252,"Fantastic lineup for the TPUSA halftime show, including the great Bob Ritchie AKA KID ROCK

https://t.co/ZXvvlIBtkE",1542228578,"{'retweet_count': 6180, 'reply_count': 11567, 'like_count': 40854, 'quote_count': 1148, 'bookmark_count': 682, 'impression_count': 8969840}",JD Vance,C
2018362208229503454,"This reminds me of when Margaret Brennan ""fact checked"" me at the VP debate. 

If your position is that a person can claim asylum after traversing eight countries, and they are therefore ""legal immigrants"" because the president ignores the law and allows them to stay, then you're https://t.co/mZsOy1sZPd",1542228578,"{'retweet_count': 12621, 'reply_count': 5417, 'like_count': 81714, 'quote_count': 783, 'bookmark_count': 2305, 'impression_count': 6722900}",JD Vance,C
2016559563730813393,"Thank God we have a Secretary of State who knows his facts AND has the patience of Job. Great job, @SecRubio.",1542228578,"{'retweet_count': 6240, 'reply_count': 2124, 'like_count': 75668, 'quote_count': 125, 'bookmark_count': 302, 'impression_count': 1237018}",JD Vance,C
2016559040197775472,Watching Tammy Duckworth obsessively interrupt Marco Rubio during this hearing is like watching Forest Gump argue with Isaac Newton.,1542228578,"{'retweet_count': 14352, 'reply_count': 13142, 'like_count': 132647, 'quote_count': 1877, 'bookmark_count': 1368, 'impression_count': 12866850}",JD Vance,C
2016546882261045261,"How about federal law enforcement. Should they feel safe calling 911? Right now, they don't, because you've told your police officers not to help them. https://t.co/TAH1eWS66J",1542228578,"{'retweet_count': 14225, 'reply_count': 6774, 'like_count': 87141, 'quote_count': 661, 'bookmark_count': 1058, 'impression_count': 9459582}",JD Vance,C
2016223471307784539,"Today we remember the millions of lives lost during the Holocaust, the millions of stories of individual bravery and heroism, and one of the enduring lessons of one of the darkest chapters in human history: that while humans create beautiful things and are full of compassion, https://t.co/2UwFcy4Kmp",1542228578,"{'retweet_count': 4322, 'reply_count': 8296, 'like_count': 36917, 'quote_count': 988, 'bookmark_count': 831, 'impression_count': 4388295}",JD Vance,C
2015918587609772148,"""We really want illegal aliens to vote in elections and will riot to ensure that it is so."" https://t.co/xp44Ml6C5v",1542228578,"{'retweet_count': 18866, 'reply_count': 11008, 'like_count': 168724, 'quote_count': 1420, 'bookmark_count': 2784, 'impression_count': 11951072}",JD Vance,C
2015788442404245911,https://t.co/fvGbhBZ1ZA,1542228578,"{'retweet_count': 14006, 'reply_count': 7645, 'like_count': 112691, 'quote_count': 667, 'bookmark_count': 1425, 'impression_count': 2163675}",JD Vance,C
2015537769582301388,"When I was in Minneapolis, I heard a number of crazy stories. But near the top of the list:

A couple of off duty ICE and CBP officers were going to dinner in Minneapolis. They were doxed and their location revealed, and the restaurant was then mobbed. The officers were locked in",1542228578,"{'retweet_count': 28646, 'reply_count': 28604, 'like_count': 177910, 'quote_count': 3800, 'bookmark_count': 5785, 'impression_count': 22439517}",JD Vance,C
2015285455940399296,"This level of engineered chaos is unique to Minneapolis. It is the direct consequence of far left agitators, working with local authorities.",1542228578,"{'retweet_count': 22829, 'reply_count': 28003, 'like_count': 195029, 'quote_count': 3009, 'bookmark_count': 2958, 'impression_count': 10783203}",JD Vance,C
2015145433094402467,"When I visited Minnesota, what the ICE agents wanted more than anything was to work with local law enforcement so that situations on the ground didn't get out of hand. 

The local leadership in Minnesota has so far refused to answer those requests. https://t.co/XUGIhXxUv7",1542228578,"{'retweet_count': 15964, 'reply_count': 19624, 'like_count': 88558, 'quote_count': 1606, 'bookmark_count': 2361, 'impression_count': 5314647}",JD Vance,C
2014789567224692824,"The president literally sent a video to the March for Life today and encouraged me to accept their invitation, which I was happy to do. 

It's interesting that some ""conservative influencers"" spend all of their time attacking the administration and sowing division. Disgraceful https://t.co/zpWNThNXx9",1542228578,"{'retweet_count': 3060, 'reply_count': 3164, 'like_count': 36339, 'quote_count': 428, 'bookmark_count': 1038, 'impression_count': 4745414}",JD Vance,C
2014560168558710997,🤣 https://t.co/JY9PTnoVU2,1542228578,"{'retweet_count': 25763, 'reply_count': 8793, 'like_count': 244693, 'quote_count': 1384, 'bookmark_count': 4332, 'impression_count': 6062299}",JD Vance,C
2014446104289407185,"Our plan is very simple: if you storm a church or assault a federal officer, we're going to do everything we can to put you in prison. https://t.co/xaio0CzFmq",1542228578,"{'retweet_count': 12814, 'reply_count': 9464, 'like_count': 106593, 'quote_count': 1237, 'bookmark_count': 1255, 'impression_count': 6235580}",JD Vance,C
2014379474528219355,"If you work hard every single day, you ought to be able to enjoy a good life in the United States.

After four dark years under Joe Biden, the Trump Administration is finally delivering prosperity for American workers again. https://t.co/EVAkK4zdhE",1542228578,"{'retweet_count': 4864, 'reply_count': 5851, 'like_count': 43032, 'quote_count': 393, 'bookmark_count': 380, 'impression_count': 771530}",JD Vance,C
2022811097661849760,"We hear the grassroots across our state loud &amp; clear: slash property taxes, fix failing schools, bring high-paying jobs to our state, and conduct economic development in a way that puts local communities first. Grateful for GOP county endorsements from Preble &amp; Brown counties https://t.co/wsTBjsKzT1",1227799690579718144,"{'retweet_count': 143, 'reply_count': 262, 'like_count': 814, 'quote_count': 7, 'bookmark_count': 9, 'impression_count': 54101}",Vivek Ramaswamy,C
2022778614979477971,"Excited to bring an economic boom to Ohio that includes family fun &amp; tourism. Amazing visit to Snow Trails in Mansfield this weekend. A solid, family-run business that brings joy to Ohioans every year. “Big Dave” Carto founded it in 1962, and his son-in-law, Scott, runs it today. https://t.co/ns2qTc2JmV",1227799690579718144,"{'retweet_count': 62, 'reply_count': 255, 'like_count': 923, 'quote_count': 10, 'bookmark_count': 8, 'impression_count': 95525}",Vivek Ramaswamy,C
2021281323529248848,Started at 5:45am with physical training at the Ohio State Highway Patrol Academy. Very proud of these young men &amp; women who train every day to protect Ohioans and keep our state safe. We’ve got their backs. 💪🏼 https://t.co/2QcumxAJZe,1227799690579718144,"{'retweet_count': 102, 'reply_count': 227, 'like_count': 1197, 'quote_count': 12, 'bookmark_count': 13, 'impression_count': 80234}",Vivek Ramaswamy,C
2021221309091328384,"Kindergarten readiness is a critical factor in educational success. We’ll see whether this particular program works well or not, but I’m rooting for success. https://t.co/zQDJyaBDaQ",1227799690579718144,"{'retweet_count': 48, 'reply_count': 227, 'like_count': 353, 'quote_count': 13, 'bookmark_count': 12, 'impression_count': 62987}",Vivek Ramaswamy,C
2021021690764120078,https://t.co/SU4aNFwWrS,1227799690579718144,"{'retweet_count': 56, 'reply_count': 572, 'like_count': 781, 'quote_count': 45, 'bookmark_count': 42, 'impression_count': 211033}",Vivek Ramaswamy,C
2019442756888797453,So grateful. ❤️ https://t.co/6Fe79GUcR6,1227799690579718144,"{'retweet_count': 3779, 'reply_count': 4214, 'like_count': 105695, 'quote_count': 225, 'bookmark_count': 321, 'impression_count': 953410}",Vivek Ramaswamy,C
2019257970308313346,https://t.co/n4YyF77VpV,1227799690579718144,"{'retweet_count': 7208, 'reply_count': 9085, 'like_count': 118026, 'quote_count': 819, 'bookmark_count': 1085, 'impression_count': 3702654}",Vivek Ramaswamy,C
2018174528250372455,Massive wins for OSU tennis this weekend. Watched our guys beat #5 ranked Texas on Friday &amp; they just topped #1 ranked Wake Forest today. Big win for the women over UVA today too. OH-IO!! 🎾 https://t.co/ApL6uvbkcH,1227799690579718144,"{'retweet_count': 54, 'reply_count': 251, 'like_count': 774, 'quote_count': 10, 'bookmark_count': 10, 'impression_count': 102831}",Vivek Ramaswamy,C
2016706630855852316,Packed house on a chilly day in central Ohio. Grateful to @OhioYRs for bringing young Ohioans together to sign nominating petitions &amp; ask thoughtful questions about the future of our state. https://t.co/grzqJgURoF,1227799690579718144,"{'retweet_count': 105, 'reply_count': 335, 'like_count': 1041, 'quote_count': 12, 'bookmark_count': 15, 'impression_count': 123108}",Vivek Ramaswamy,C
2016323917804093672,This is what @amyactonoh and the Ohio Democrats implicitly endorse. Utterly shameful. https://t.co/XddMXy8uYv,1227799690579718144,"{'retweet_count': 202, 'reply_count': 195, 'like_count': 1661, 'quote_count': 10, 'bookmark_count': 17, 'impression_count': 226416}",Vivek Ramaswamy,C
2016289198504812890,"We’re going to make Ohio a zero income tax state which is a double-win to address affordability challenges: (1) Ohioans keep more of what they earn, and (2) we attract more high-paying jobs to the state. https://t.co/mv5U1pMFMO",1227799690579718144,"{'retweet_count': 786, 'reply_count': 585, 'like_count': 10000, 'quote_count': 45, 'bookmark_count': 177, 'impression_count': 394403}",Vivek Ramaswamy,C
2016274801350885594,https://t.co/iXr872i6ud,1227799690579718144,"{'retweet_count': 54, 'reply_count': 130, 'like_count': 503, 'quote_count': 17, 'bookmark_count': 14, 'impression_count': 131923}",Vivek Ramaswamy,C
2016273559769768032,Lower costs. Bigger paychecks. Better schools. https://t.co/aJdp2SMmJc,1227799690579718144,"{'retweet_count': 117, 'reply_count': 313, 'like_count': 1380, 'quote_count': 17, 'bookmark_count': 21, 'impression_count': 133338}",Vivek Ramaswamy,C
2015912372666564623,It’s the truth &amp; we won’t forget it in Ohio. https://t.co/tPnB4dqwYM,1227799690579718144,"{'retweet_count': 116, 'reply_count': 166, 'like_count': 1264, 'quote_count': 7, 'bookmark_count': 11, 'impression_count': 126836}",Vivek Ramaswamy,C
2015632654738375030,Worth a read. https://t.co/2O7DU5qNyI,1227799690579718144,"{'retweet_count': 41, 'reply_count': 136, 'like_count': 397, 'quote_count': 4, 'bookmark_count': 72, 'impression_count': 170067}",Vivek Ramaswamy,C
2015560715864773119,"Stay warm, stay safe, and have fun! ❄️❄️⛄️ https://t.co/EiIATlC0vf",1227799690579718144,"{'retweet_count': 352, 'reply_count': 573, 'like_count': 8733, 'quote_count': 21, 'bookmark_count': 36, 'impression_count': 195249}",Vivek Ramaswamy,C
2015530870468493400,"Grateful for the plow crews, troopers, first responders, and the doctors &amp; nurses still showing up for patients across our state. Proud of Ohio.",1227799690579718144,"{'retweet_count': 130, 'reply_count': 195, 'like_count': 3147, 'quote_count': 4, 'bookmark_count': 12, 'impression_count': 124903}",Vivek Ramaswamy,C
2015463650337898861,Lower costs. Bigger paychecks. Better schools.,1227799690579718144,"{'retweet_count': 108, 'reply_count': 679, 'like_count': 1803, 'quote_count': 35, 'bookmark_count': 29, 'impression_count': 171487}",Vivek Ramaswamy,C
2015251559903572002,Incredible performance of Mozart’s Requiem by the Columbus Symphony tonight. Calm before the storm. ⛈️ https://t.co/I8oexG5fEO,1227799690579718144,"{'retweet_count': 94, 'reply_count': 179, 'like_count': 1283, 'quote_count': 6, 'bookmark_count': 8, 'impression_count': 167503}",Vivek Ramaswamy,C
2015244529054666790,A solid pre-storm afternoon at Lego Land in Easton! 😀 https://t.co/UTuhhNfYyd,1227799690579718144,"{'retweet_count': 84, 'reply_count': 230, 'like_count': 2252, 'quote_count': 9, 'bookmark_count': 16, 'impression_count': 161078}",Vivek Ramaswamy,C
2022734048406257952,"House Republicans' working families tax cuts put more money in everyone's pocket, including $6,000 in tax relief for seniors to keep more of what they earned.

This is one more way we are delivering bigger paychecks, bigger tax refunds, and bigger opportunities in 2026. https://t.co/mDA0J6aDm6",4849654052,"{'retweet_count': 26, 'reply_count': 107, 'like_count': 162, 'quote_count': 2, 'bookmark_count': 4, 'impression_count': 4167}",Mike Johnson,C
2022398280538443816,"House Republicans' working families tax cuts put more money in everyone's pocket, including $6,000 in tax relief for seniors to keep more of what they earned.

This is one more way we are delivering bigger paychecks, bigger tax refunds, and bigger opportunities in 2026. https://t.co/aEAez13j1p",4849654052,"{'retweet_count': 25, 'reply_count': 72, 'like_count': 95, 'quote_count': 3, 'bookmark_count': 2, 'impression_count': 4230}",Mike Johnson,C
2022348670121967960,"We are going to win the midterms and grow our majority thanks to our extraordinary record and candidates.

While Democrats opposed working families tax cuts, we are focused on delivering more jobs, lower costs, and  more money in your pocket - and we are just getting started. https://t.co/pIm67GsSXO",4849654052,"{'retweet_count': 235, 'reply_count': 1085, 'like_count': 1573, 'quote_count': 43, 'bookmark_count': 29, 'impression_count': 136377}",Mike Johnson,C
2022095138617495939,"Jace Yarbrough is an America First patriot and veteran who will help us continue to deliver safe streets, secure borders, lower costs, a strong economy, and peace through strength. As a constitutional lawyer, Jace will also help defend our veterans, military families, farmers, https://t.co/rXXjVH0QUg",4849654052,"{'retweet_count': 43, 'reply_count': 48, 'like_count': 116, 'quote_count': 2, 'bookmark_count': 2, 'impression_count': 5942}",Mike Johnson,C
2022001663528366542,"Republicans entered 2026 on offense with unprecedented resources.

This is a reflection of widespread appreciation and support for keeping our promises and delivering real relief for every family in America - and it will translate to victory in November.
https://t.co/NS4y8yDgFB https://t.co/4BX8GxUNoE",4849654052,"{'retweet_count': 44, 'reply_count': 167, 'like_count': 146, 'quote_count': 2, 'bookmark_count': 6, 'impression_count': 9866}",Mike Johnson,C
2021943643330715771,"Nearly 90% of Americans agree voters should provide a photo ID and proof of citizenship to register. 

Yet Democrats in Congress disagree. 

It's time to secure our elections once and for all! https://t.co/dujEoEIpCh",4849654052,"{'retweet_count': 274, 'reply_count': 363, 'like_count': 866, 'quote_count': 22, 'bookmark_count': 10, 'impression_count': 16454}",Mike Johnson,C
2019805268436259213,"This year, tax filing got a lot easier thanks to Republicans' Working Families Tax Cuts.

An expanded standard deduction means no taxes now on a couple's first $31,500 - just one reason why families will see the largest tax refunds in history this year! https://t.co/cCOHSTL77L",4849654052,"{'retweet_count': 48, 'reply_count': 531, 'like_count': 153, 'quote_count': 9, 'bookmark_count': 6, 'impression_count': 13964}",Mike Johnson,C
2019501477622895045,"Joint House Republican leadership endorsement statement with @SteveScaliseGOP and @tomemmer:

Clay Fuller is an America First patriot who will help us continue to deliver safe streets, secure borders, lower costs, a strong economy, and peace through strength. As a veteran and https://t.co/eRFvpaRya8",4849654052,"{'retweet_count': 19, 'reply_count': 69, 'like_count': 64, 'quote_count': 5, 'bookmark_count': 3, 'impression_count': 8862}",Mike Johnson,C
2019494892867612905,"Joint House Republican leadership endorsement statement with @SteveScaliseGOP and @tomemmer:

James Gallagher is an America First patriot who will help us continue to deliver safe streets, secure borders, lower costs, a strong economy, and peace through strength - building on the https://t.co/v75XyGae8d",4849654052,"{'retweet_count': 9, 'reply_count': 26, 'like_count': 55, 'quote_count': 2, 'bookmark_count': 2, 'impression_count': 6580}",Mike Johnson,C
2019456133962879005,"Read more - ""ICYMI: Speaker Johnson Breaks the Record for Most Raised In a Year as Republicans Swamp Democrats in 2025""
https://t.co/qZ60cqam0o",4849654052,"{'retweet_count': 2, 'reply_count': 12, 'like_count': 11, 'quote_count': 0, 'bookmark_count': 0, 'impression_count': 1783}",Mike Johnson,C
2019455869306519787,"Our record-setting fundraising in 2025 - the most ever raised by a Speaker in one year - has Republicans on offense in 2026.

Across the board, Republicans are out-pacing Democrats and enter this year with the resources to WIN! 🇺🇸 https://t.co/GWL0FWIGd9",4849654052,"{'retweet_count': 114, 'reply_count': 209, 'like_count': 714, 'quote_count': 11, 'bookmark_count': 57, 'impression_count': 101641}",Mike Johnson,C
2019233934266012109,"Mark Teixeira is a proven winner who will fight for Texas and help us continue to deliver safe streets, secure borders, lower costs, a strong economy, and peace through strength. As the son of a veteran, Tex will also defend the rule of law, the Second Amendment, our troops and https://t.co/8W86KXpl8V",4849654052,"{'retweet_count': 24, 'reply_count': 58, 'like_count': 111, 'quote_count': 4, 'bookmark_count': 0, 'impression_count': 20347}",Mike Johnson,C
2019210103447011440,"Peter Oberacker has proudly served New Yorkers in the State Senate and in Congress will help us continue to deliver safe streets, secure borders, lower costs, a strong economy, and peace through strength. With experience in business and serving his community, Peter will also https://t.co/N5pXJSbUUZ",4849654052,"{'retweet_count': 23, 'reply_count': 53, 'like_count': 73, 'quote_count': 4, 'bookmark_count': 0, 'impression_count': 4927}",Mike Johnson,C
2019207948162003306,"Mike LiPetri is an America First patriot who will help us continue to deliver safe streets, secure borders, lower costs, a strong economy, and peace through strength. As a former Assemblyman and attorney, Mike will also help fight high taxes and soft-on-crime policies while https://t.co/GGmVyVoChe",4849654052,"{'retweet_count': 24, 'reply_count': 39, 'like_count': 69, 'quote_count': 3, 'bookmark_count': 1, 'impression_count': 8204}",Mike Johnson,C
2019201951334830259,"Chris McGowan is an America First patriot and veteran who will help us continue to deliver safe streets, secure borders, lower costs, a strong economy, and peace through strength. As an Iowa National Guard veteran, lawyer, and business leader, Chris will also help defend our https://t.co/6gbCNmxJ1g",4849654052,"{'retweet_count': 20, 'reply_count': 36, 'like_count': 78, 'quote_count': 2, 'bookmark_count': 2, 'impression_count': 4788}",Mike Johnson,C
2018067990617485615,"There are MANY reasons why House Republicans are on track to WIN the midterms — including our extraordinary record of accomplishments, great candidates, and our record-setting fundraising numbers.

This November, we’ll DEFY history and GROW our majority. 🇺🇸 https://t.co/8H6vbFRfOb",4849654052,"{'retweet_count': 845, 'reply_count': 6834, 'like_count': 4578, 'quote_count': 318, 'bookmark_count': 114, 'impression_count': 218919}",Mike Johnson,C
2017312060372029575,"Joint House Republican leadership endorsement statement with @SteveScaliseGOP and @tomemmer:

Michael Alfonso is an America First patriot who will help us continue to deliver safe streets, secure borders, lower costs, a strong economy, and peace through strength. As a grandson of https://t.co/GBDOxXzZq0",4849654052,"{'retweet_count': 42, 'reply_count': 96, 'like_count': 188, 'quote_count': 6, 'bookmark_count': 7, 'impression_count': 24848}",Mike Johnson,C
2017274149920453030,"House Republicans have dominated fundraising across the board and enter this election year with unprecedented resources.

As we continue to deliver bigger paychecks, lower costs, secure borders, and more, we remain on offense to grow our majority in 2026!
https://t.co/YwwET90by8",4849654052,"{'retweet_count': 27, 'reply_count': 139, 'like_count': 120, 'quote_count': 8, 'bookmark_count': 2, 'impression_count': 6519}",Mike Johnson,C
2017260966946209943,This week we celebrate National School Choice Week and all the ways we are growing opportunities for every student and parent - including expanded 529 Savings Accounts and Pell Grants. https://t.co/DruDFX5HSR,4849654052,"{'retweet_count': 0, 'reply_count': 32, 'like_count': 35, 'quote_count': 0, 'bookmark_count': 1, 'impression_count': 2548}",Mike Johnson,C
2022834898583572927,"Met with Japanese Foreign Minister Motegi in Munich to discuss economic collaboration, deterrence, and security cooperation. Proud to strengthen the U.S.-Japan Alliance as we enter a new Golden Age. https://t.co/2TymZ1HaH9",1858947201709305856,"{'retweet_count': 2756, 'reply_count': 540, 'like_count': 21493, 'quote_count': 99, 'bookmark_count': 239, 'impression_count': 235965}",Secretary Marco Rubio,C
2022815618723185008,Met with Ukrainian President @ZelenskyyUa on Ukraine's security and deepening defense and economic partnerships.  President Trump wants a solution that ends the bloodshed once and for all. https://t.co/DUAbiAMkhd,1858947201709305856,"{'retweet_count': 2045, 'reply_count': 1267, 'like_count': 15626, 'quote_count': 114, 'bookmark_count': 191, 'impression_count': 217006}",Secretary Marco Rubio,C
2022810585641947333,"Met with Finnish President @AlexStubb to thank Finland for pushing our Allies on defense spending commitments. The United States values Finland as a strategic partner in NATO and the Nordics. Together, we're advancing energy independence, economic prosperity, and regional https://t.co/cegaTJWFcR",1858947201709305856,"{'retweet_count': 677, 'reply_count': 240, 'like_count': 5632, 'quote_count': 30, 'bookmark_count': 63, 'impression_count': 97505}",Secretary Marco Rubio,C
2022805901879455777,"In my meeting with Norwegian Prime Minister @jonasgahrstore, we discussed Norway’s vital role in Arctic security and the strategic importance of Greenland. We look forward to partnering with Norway on supply chain security, including on critical minerals. https://t.co/4NnmhOb4Ff",1858947201709305856,"{'retweet_count': 704, 'reply_count': 254, 'like_count': 5113, 'quote_count': 32, 'bookmark_count': 80, 'impression_count': 88665}",Secretary Marco Rubio,C
2022797536193384578,"Met with my @G7 counterparts in Munich to advance @POTUS’s vision of pursuing peace through strength. We discussed ongoing efforts to end the Russia-Ukraine war, promote stability in Venezuela, and address global threats to achieve international peace and prosperity. https://t.co/kg9Fj1ji7a",1858947201709305856,"{'retweet_count': 2904, 'reply_count': 1168, 'like_count': 19159, 'quote_count': 101, 'bookmark_count': 252, 'impression_count': 233836}",Secretary Marco Rubio,C
2022696415164776538,"Armies do not fight for abstractions. Armies fight for a people.

Armies fight for a nation. 

Armies fight for a way of life and that is what we are defending. https://t.co/U8vasZVylD",1858947201709305856,"{'retweet_count': 7750, 'reply_count': 2794, 'like_count': 49198, 'quote_count': 591, 'bookmark_count': 1317, 'impression_count': 1466004}",Secretary Marco Rubio,C
2022684613106372751,I am reminded by my own story that both the history and fate of the United States and Europe will always be linked together. https://t.co/wXHfymCV6d,1858947201709305856,"{'retweet_count': 5306, 'reply_count': 1793, 'like_count': 39335, 'quote_count': 235, 'bookmark_count': 944, 'impression_count': 413257}",Secretary Marco Rubio,C
2022672793020817818,"We do not want allies shackled by guilt and shame.

We want allies who are proud of their culture and heritage and are willing to help us defend it. https://t.co/IOKg9n1UNM",1858947201709305856,"{'retweet_count': 20513, 'reply_count': 5904, 'like_count': 118330, 'quote_count': 1367, 'bookmark_count': 3956, 'impression_count': 2546863}",Secretary Marco Rubio,C
2022644331878793376,It is time to unshackle our ingenuity and build a new Western century. https://t.co/KJjGQ24bCd,1858947201709305856,"{'retweet_count': 6206, 'reply_count': 2390, 'like_count': 44796, 'quote_count': 360, 'bookmark_count': 1134, 'impression_count': 793025}",Secretary Marco Rubio,C
2022642955346116616,"Mass migration is not some fringe concern of little consequence.

It was and continues to be a crisis that destabilizes societies across the West. https://t.co/cPELgF0UrW",1858947201709305856,"{'retweet_count': 15173, 'reply_count': 2830, 'like_count': 77702, 'quote_count': 595, 'bookmark_count': 2049, 'impression_count': 1562278}",Secretary Marco Rubio,C
2022455120093446533,"In my meeting with @SecGenNATO Rutte, I emphasized that increased Allied defense spending is critical to NATO's strength against 21st century threats. https://t.co/XeBm5lNryn",1858947201709305856,"{'retweet_count': 984, 'reply_count': 546, 'like_count': 6998, 'quote_count': 33, 'bookmark_count': 105, 'impression_count': 145774}",Secretary Marco Rubio,C
2022359421808963820,"In my meeting earlier today with German Chancellor Friedrich Merz, we discussed our shared efforts to secure supply chains, advance efforts to end the Russia–Ukraine war, and strengthen the partnership between the United States and Europe. https://t.co/VdaAvWp2PE",1858947201709305856,"{'retweet_count': 1655, 'reply_count': 1429, 'like_count': 12316, 'quote_count': 102, 'bookmark_count': 251, 'impression_count': 366833}",Secretary Marco Rubio,C
2022331622725648558,Congratulations to the Bangladesh Nationalist Party and its leader Tarique Rahman as well as the people of Bangladesh. The United States looks forward to working with the newly elected government to advance prosperity and the security of the region.,1858947201709305856,"{'retweet_count': 762, 'reply_count': 378, 'like_count': 7108, 'quote_count': 52, 'bookmark_count': 146, 'impression_count': 250113}",Secretary Marco Rubio,C
2022059021117862385,Congratulations to Prime Minister @miaamormottley on her reelection. The United States looks forward to enhancing our cooperation with Barbados to strengthen regional security and advance shared priorities in our hemisphere.,1858947201709305856,"{'retweet_count': 447, 'reply_count': 310, 'like_count': 4079, 'quote_count': 13, 'bookmark_count': 47, 'impression_count': 140805}",Secretary Marco Rubio,C
2020895075786482035,The sentencing of Jimmy Lai in Hong Kong is an unjust and tragic conclusion to this case. We urge the authorities to grant Mr. Lai humanitarian parole.,1858947201709305856,"{'retweet_count': 3047, 'reply_count': 2079, 'like_count': 18630, 'quote_count': 250, 'bookmark_count': 364, 'impression_count': 1977179}",Secretary Marco Rubio,C
2019743124101431704,"On February 5, 2026, the New START Treaty expired. Negotiated at a different time to meet a different challenge, New START no longer serves its purpose. Our desire to reduce global nuclear threats is genuine, but we will not accept terms that harm the United States or ignore",1858947201709305856,"{'retweet_count': 2580, 'reply_count': 2038, 'like_count': 15493, 'quote_count': 160, 'bookmark_count': 506, 'impression_count': 901248}",Secretary Marco Rubio,C
2019510491249516884,Glad to be with @VP Vance in Milan to meet our @TeamUSA Winter Olympics athletes. Proud of your dedication as you represent the best of American excellence. Let's go Team USA 🇺🇸 https://t.co/xRIf90EHxE,1858947201709305856,"{'retweet_count': 4155, 'reply_count': 2002, 'like_count': 34203, 'quote_count': 154, 'bookmark_count': 320, 'impression_count': 931802}",Secretary Marco Rubio,C
2019469030147457028,"Under President Trump, the United States has the opportunity to become more faithful than it has ever been before.

Prayer has always been this country’s superpower. Faith in God is what has made it great. https://t.co/u7DSkekJ7Q",1858947201709305856,"{'retweet_count': 6925, 'reply_count': 14036, 'like_count': 33973, 'quote_count': 985, 'bookmark_count': 813, 'impression_count': 1629909}",Secretary Marco Rubio,C
2019216116544073962,"The Iranian regime does not reflect the people of Iran, nor their culture rooted within a deep history. I know of no other country where there’s a bigger difference between the people who lead the country and the people who live there. https://t.co/MznPODW9sn",1858947201709305856,"{'retweet_count': 17684, 'reply_count': 11803, 'like_count': 63985, 'quote_count': 1203, 'bookmark_count': 1388, 'impression_count': 1951498}",Secretary Marco Rubio,C
2019192322823713202,"At today's Critical Minerals Ministerial with @VP Vance we joined efforts with global partners to build more secure and resilient critical mineral supply chains. Under President Trump's strong leadership, the U.S. is uniting likeminded governments to build stable and strong https://t.co/Jw4vTvBZZ7",1858947201709305856,"{'retweet_count': 1382, 'reply_count': 824, 'like_count': 7044, 'quote_count': 71, 'bookmark_count': 144, 'impression_count': 254568}",Secretary Marco Rubio,C
2022370552502014040,"Paid partnerships with:

SimpliSafe: Claim 50% off any new system by visiting https://t.co/XyxVk1qYVf

Cozy Earth: Luxury shouldn't be out of reach. Get up to 20% off at https://t.co/bsmXB3h06k

Joi + Blokes: Use code TUCKER for 50% off your labs and 20% off all supplements at",22703645,"{'retweet_count': 28, 'reply_count': 23, 'like_count': 218, 'quote_count': 0, 'bookmark_count': 12, 'impression_count': 133199}",Tucker Carlson,C
2022370191108125080,"Technology stole your privacy, and with it your freedom. Yannik Schrade has a plan to get it back.

(0:00) Why Is Privacy So Important?
(4:13) Is Schrade Prepared to Suffer for His Cause?
(10:38) Why Doesn't Our Current System Protect Our Privacy?
(14:16) Are We Being Surveilled? https://t.co/atKUUEcKHx",22703645,"{'retweet_count': 1310, 'reply_count': 496, 'like_count': 5111, 'quote_count': 224, 'bookmark_count': 2396, 'impression_count': 2081101}",Tucker Carlson,C
2021743844153307461,"Paid partnerships with:

Dose: Daily supplements for the systems that support you. Use code TUCKER for 35% at https://t.co/N3rcIn3tuL

Masa Chips: Get 25% off with code TUCKER at https://t.co/g9IdcWAkRE

TCN: Watch 'Replacing Europe: Following the World's Deadliest Migration",22703645,"{'retweet_count': 23, 'reply_count': 25, 'like_count': 294, 'quote_count': 1, 'bookmark_count': 4, 'impression_count': 196002}",Tucker Carlson,C
2021743555463852045,"“The good news is, the system is going away.” Ron Paul looks back at 90.

(0:00) Monologue
(23:59) Is America Going Bankrupt?
(25:50) Why Haven't America's Gold Reserves Been Audited?
(35:27) Who Are the Truth Tellers in Washington?
(40:33) Have Any of These Foreign Wars Made https://t.co/IPROa1yfCa",22703645,"{'retweet_count': 2396, 'reply_count': 627, 'like_count': 10105, 'quote_count': 192, 'bookmark_count': 2699, 'impression_count': 2343817}",Tucker Carlson,C
2020921422030229529,"Paid partnerships with:

Dutch: Get $50 a year for vet care with Tucker50 at https://t.co/j8YeNIva8N

Charity Mobile: A pro-life company serving pro-life customers and supporting pro-life causes for 30 years. Use promo code TUCKER to get a free phone with free activation, free",22703645,"{'retweet_count': 40, 'reply_count': 37, 'like_count': 278, 'quote_count': 2, 'bookmark_count': 16, 'impression_count': 204251}",Tucker Carlson,C
2020920927815356740,"Ray Dalio on how to prevent another American civil war.

(0:00) The Cycle of Civilizations
(07:15) How Democracies Break Down and Turn Authoritarian
(18:10) The Dollar, Debt and the End of Monetary Trust
(26:53) Why Gold Always Survives System Failure
(38:15) What Will the Price https://t.co/UC9gH74cuv",22703645,"{'retweet_count': 1359, 'reply_count': 486, 'like_count': 5950, 'quote_count': 87, 'bookmark_count': 3757, 'impression_count': 1704567}",Tucker Carlson,C
2019834666770145300,"Paid partnerships with:

Masa Chips: Get 25% off with code TUCKER at https://t.co/g9IdcWASHc

Defend: Enter code ""Tucker"" for 20% off your purchase at https://t.co/LhXECJGyIG

Joi + Blokes: Use code TUCKER for 50% off your labs and 20% off all supplements at",22703645,"{'retweet_count': 72, 'reply_count': 86, 'like_count': 704, 'quote_count': 8, 'bookmark_count': 35, 'impression_count': 323496}",Tucker Carlson,C
2019833474048197053,"It looks like Pizzagate is basically real. Ian Carroll explains.

(00:00) Monologue
(12:01) What Is Pizzagate?
(26:28) The Elites' Demonic Ritualistic Child Abuse
(32:16) The Disgusting Governmental Cover-up of Epstein’s Atrocities
(40:04) The Essential Questions We Need Answered https://t.co/VUdyTXNSFH",22703645,"{'retweet_count': 12859, 'reply_count': 2381, 'like_count': 44041, 'quote_count': 729, 'bookmark_count': 16849, 'impression_count': 4832295}",Tucker Carlson,C
2019304451979538495,Thanks for this. I’d love to. We’ll reach out to your office today to set up an interview. Much appreciated. https://t.co/ihBUy41et8,22703645,"{'retweet_count': 3279, 'reply_count': 2028, 'like_count': 43261, 'quote_count': 198, 'bookmark_count': 871, 'impression_count': 2561819}",Tucker Carlson,C
2019222315666403584,"Paid partnerships with:

SimpliSafe: Claim 50% off any new system by visiting https://t.co/XyxVk1qYVf

Charity Mobile: A pro-life company serving pro-life customers and supporting pro-life causes for 30 years. Use promo code TUCKER to get a free phone with free activation, free",22703645,"{'retweet_count': 110, 'reply_count': 127, 'like_count': 1074, 'quote_count': 5, 'bookmark_count': 33, 'impression_count': 365592}",Tucker Carlson,C
2019221939685060867,"How does the US-funded Israeli government treat Christians in the Holy Land? We asked some. Listen carefully to their accounts. This will shock you.

(00:00) Monologue
(05:28) How Are Christians Doing in the Holy Land?
(16:57) Do Christians in the Holy Land Receive Support From https://t.co/3i1LP3BRcs",22703645,"{'retweet_count': 10774, 'reply_count': 3264, 'like_count': 38642, 'quote_count': 813, 'bookmark_count': 10184, 'impression_count': 4677618}",Tucker Carlson,C
2018384411692003816,"Paid partnerships with:

Hallow prayer app: Get 3 months free at https://t.co/Ku9UV0OOOY

Black Rifle Coffee: Promo code ""Tucker"" for 30% off at https://t.co/RVr4MwnL2Y

Cowboy Colostrum: Get 25% off your entire order with code TUCKER at https://t.co/FfZTrniqmx",22703645,"{'retweet_count': 64, 'reply_count': 67, 'like_count': 437, 'quote_count': 4, 'bookmark_count': 30, 'impression_count': 291650}",Tucker Carlson,C
2018383918240559385,"The people who run countries believe in the supernatural. It’s the main thing they believe in. Why do they try so hard to convince the rest of us it’s not real? AJ Gentile on giants, the pyramids and remote viewing.

(00:00) Why Does the Science Community Refuse to Admit When https://t.co/TjgJ2Tdc4g",22703645,"{'retweet_count': 2688, 'reply_count': 941, 'like_count': 11870, 'quote_count': 214, 'bookmark_count': 6764, 'impression_count': 2085442}",Tucker Carlson,C
2017298571721089281,"Paid partnerships with:

Masa Chips: Get 25% off with code TUCKER at https://t.co/g9IdcWAkRE

Amazon MGM Studios: Tickets for Melania are now available. Exclusively in theaters January 30: https://t.co/RGHk3mS6uk

Liberty Safe: Shop for premium American made safes at",22703645,"{'retweet_count': 91, 'reply_count': 162, 'like_count': 720, 'quote_count': 11, 'bookmark_count': 17, 'impression_count': 319335}",Tucker Carlson,C
2017296755248038261,"Most Americans just want to live in a sovereign country that cares about them. That’s not a partisan position. It’s a baseline demand. Cenk Uygur explains.

(0:00) Why Cenk Said Yes to This Conversation
(2:37) Israel, The Gaza Genocide and Media Gaslighting
(16:18) The Israeli https://t.co/mycZE6HprZ",22703645,"{'retweet_count': 2643, 'reply_count': 1888, 'like_count': 12115, 'quote_count': 289, 'bookmark_count': 2941, 'impression_count': 2935937}",Tucker Carlson,C
2016511813425181142,"Paid partnerships:

Joi + Blokes: Use code TUCKER for 50% off your labs and 20% off all supplements at https://t.co/WqRU8EmxJy

Hallow prayer app: Get 3 months free at https://t.co/Ku9UV0OOOY",22703645,"{'retweet_count': 32, 'reply_count': 79, 'like_count': 446, 'quote_count': 2, 'bookmark_count': 25, 'impression_count': 365564}",Tucker Carlson,C
2016511670835609698,"Chaos spreads like cancer in Minneapolis. What happens next?

(0:00) Monologue
(1:04:50) What Is Actually Happening in Minneapolis? 
(1:11:50) The Militia Taking Over Minneapolis
(1:17:51) The Mission to Destroy Western Civilization 
(1:29:22) How Can Donald Trump Fix This? https://t.co/kEz59zpzKy",22703645,"{'retweet_count': 1904, 'reply_count': 1072, 'like_count': 7869, 'quote_count': 141, 'bookmark_count': 1776, 'impression_count': 2046807}",Tucker Carlson,C
2015847731705622888,"Paid partnerships with:

Black Rifle Coffee: Promo code ""Tucker"" for 30% off at https://t.co/RVr4MwnL2Y

Dose: Daily supplements for the systems that support you. Visit https://t.co/N3rcIn3tuL  and use code TUCKER for 35% off.

Battalion Metals: Shop fair-priced gold and silver.",22703645,"{'retweet_count': 35, 'reply_count': 66, 'like_count': 309, 'quote_count': 1, 'bookmark_count': 22, 'impression_count': 268658}",Tucker Carlson,C
2015847204230242316,"Gold has so dramatically outperformed the S&amp;P this century that you’d think CNBC would be recommending it to investors. But they’re not. Peter Schiff explains why.

(0:00) Why Schiff Decided to Start Buying Gold
(10:45) You're Being Lied to About Inflation
(23:39) How the https://t.co/8GstgGKC5W",22703645,"{'retweet_count': 1595, 'reply_count': 736, 'like_count': 7644, 'quote_count': 145, 'bookmark_count': 3731, 'impression_count': 2475458}",Tucker Carlson,C
2014760262499246173,"Paid partnerships with:

Dose: Daily supplements for the systems that support you. Visit https://t.co/N3rcIn3tuL and use code TUCKER for 35% off.

Cozy Earth: Luxury shouldn't be out of reach. Go to https://t.co/bsmXB3h06k for up to 20% off.

TCN: Watch 'Replacing Europe:",22703645,"{'retweet_count': 75, 'reply_count': 67, 'like_count': 441, 'quote_count': 2, 'bookmark_count': 29, 'impression_count': 285583}",Tucker Carlson,C
2022437532924006630,"This is a MUST READ about Erika Kirk. 
Every single word of this is accurate and there is not enough money in the world that can force us to deny our human instincts. https://t.co/pDIiublGVo",878247600096509952,"{'retweet_count': 4293, 'reply_count': 2473, 'like_count': 35656, 'quote_count': 126, 'bookmark_count': 6828, 'impression_count': 4447367}",Candace Owens,C
2022328566332195019,"It is TEXTBOOK grooming behavior. 
Not to mention it is illegal in Michigan to photograph a minor without parental consent or presence. 
Yes, it requires an explanation. https://t.co/acUdV0Lhgy",878247600096509952,"{'retweet_count': 1711, 'reply_count': 793, 'like_count': 15317, 'quote_count': 36, 'bookmark_count': 340, 'impression_count': 736062}",Candace Owens,C
2022107034108223843,"1) No matter how many times you Zionists lie, you cannot reshape reality. I never took any money from John Mappin. 
2) If you are upset about the mere prospect of Turning Point’s relationship with Scientology, you should ask for the call logs from the hospital after Charlie was https://t.co/r93adLR01H",878247600096509952,"{'retweet_count': 1383, 'reply_count': 936, 'like_count': 11121, 'quote_count': 40, 'bookmark_count': 314, 'impression_count': 685461}",Candace Owens,C
2022071263783739839,"Last show before break: 

-Pam Bondi has republicans rooting for democrats. That’s how bad the Epstein fallout has been. 
-Erika Kirk’s strange relationship with a 15 year old girl resurfaces. 

Join us LIVE: 

https://t.co/6XGKaCIgZ4",878247600096509952,"{'retweet_count': 1141, 'reply_count': 830, 'like_count': 7092, 'quote_count': 61, 'bookmark_count': 255, 'impression_count': 548902}",Candace Owens,C
2021767704974139770,"I hate to be a stickler for details but… Erika told Glenn it was her first time back in Charlie’s office during that interview on 12/11.
So did Gigi ask Mike McCoy to move the wedding photo? Because Mikey gave an interview a month earlier on 11/8 and it was already moved. 😩🤷‍♀️ https://t.co/aMV3Vj8taN https://t.co/OTcEdpa33G",878247600096509952,"{'retweet_count': 1603, 'reply_count': 1594, 'like_count': 14207, 'quote_count': 95, 'bookmark_count': 751, 'impression_count': 3052763}",Candace Owens,C
2021709518472626617,"Today on the show! 

1) I think I know what happened to the wedding photo in Charlie’s office…
2) Carrie Prejean gets fired for refusing to bend the knee to Zionists over Catholic doctrine 
3) Hired actors at the Superbowl? 

https://t.co/4iWiKtqFkO",878247600096509952,"{'retweet_count': 942, 'reply_count': 814, 'like_count': 6375, 'quote_count': 51, 'bookmark_count': 208, 'impression_count': 493884}",Candace Owens,C
2021615773593022601,"Carrie didn’t hijack anything. You hosted a performative Zionist hearing meant to neuter the Christian faith. 
Carrie spoke truth, as a Catholic, and Christians, the Truth cannot be defeated. 
Zionists are naturally hostile to Catholics because we refuse to bend the knee to https://t.co/t2Tr3GrB3k",878247600096509952,"{'retweet_count': 4830, 'reply_count': 1407, 'like_count': 26535, 'quote_count': 162, 'bookmark_count': 734, 'impression_count': 684445}",Candace Owens,C
2021579960280903853,"Couldn’t agree more. 
Look at all I’ve managed to uncover by simply turning to the public for tips… 

Could you imagine me with subpoena power? 

We’d go max. https://t.co/oiIo1hfOQX",878247600096509952,"{'retweet_count': 4508, 'reply_count': 2034, 'like_count': 47134, 'quote_count': 180, 'bookmark_count': 858, 'impression_count': 1845554}",Candace Owens,C
2021390205442470075,"The President of the United States has flown in from Tel Aviv to inform Donald Trump how many Christians will be required to die overseas in Iran. 
Stay tuned. https://t.co/Q3vJQU3oqo",878247600096509952,"{'retweet_count': 16913, 'reply_count': 4348, 'like_count': 88457, 'quote_count': 478, 'bookmark_count': 2948, 'impression_count': 2910334}",Candace Owens,C
2021383734348644849,"Every journalist in America should be covering the fact that Erika Kirk’s assistant was slated to be at UVU and she was pulled back, because Erika’s “best friend” sensed danger. 

It is UTTERLY UNACCEPTABLE if ALL PARTIES are not brought in for questioning regarding this anomaly.",878247600096509952,"{'retweet_count': 3043, 'reply_count': 1451, 'like_count': 22492, 'quote_count': 109, 'bookmark_count': 757, 'impression_count': 854377}",Candace Owens,C
2021342849221132402,"We received a shocking confirmation regarding Erika Kirk’s inner circle on September 10th. 

If we had any semblance of a justice system, Erika would at this point be taken in for questioning by the police. 

https://t.co/ddhsVFRyfr",878247600096509952,"{'retweet_count': 2194, 'reply_count': 1468, 'like_count': 12478, 'quote_count': 171, 'bookmark_count': 807, 'impression_count': 854547}",Candace Owens,C
2021303950104985723,"Woe to you fools who don’t understand that the people capable of this won’t hesitate to do the same to you and your children. 

Woe to you fools who don’t realize that these people are already in control of our politicians and are the descendants of the Bolsheviks. 

Look the https://t.co/FLQWq6IKp2",878247600096509952,"{'retweet_count': 14064, 'reply_count': 2876, 'like_count': 51289, 'quote_count': 436, 'bookmark_count': 3096, 'impression_count': 1165328}",Candace Owens,C
2021292364518637656,"This is accurate. Zionists are calling for Carrie Prejean to be punished. This is because they disagree with the Catholic and Orthodox position, that we do not, as Seth Dillon illuminates, simply “worship a Jew”. 
This is an intentionally-corrupted theological talking point that https://t.co/UM3oTKYh5b https://t.co/cIZZ7QFzkv",878247600096509952,"{'retweet_count': 1893, 'reply_count': 624, 'like_count': 10077, 'quote_count': 54, 'bookmark_count': 411, 'impression_count': 348651}",Candace Owens,C
2021245877185036605,"Conservatives are now fully deluding themselves and paying influencers to invert reality. To what end? 

It’s like watching a bad rerun Hillary Clinton’s “too big to fail” 2016 campaign. 

Reality: you lost the Super Bowl narrative. Bad Bunny had an objectively successful",878247600096509952,"{'retweet_count': 2451, 'reply_count': 2290, 'like_count': 20675, 'quote_count': 237, 'bookmark_count': 842, 'impression_count': 684007}",Candace Owens,C
2021067445897981956,"When they can’t win the argument, they move to censor the speaker. 
But they can’t censor us all. 
Every time they move to punish someone’s speech, more Americans and Christians awaken to the real threat to our freedom. 

 @CarriePrejean1 will be fine either way. https://t.co/Da3w3ybdp0",878247600096509952,"{'retweet_count': 2072, 'reply_count': 562, 'like_count': 15602, 'quote_count': 33, 'bookmark_count': 360, 'impression_count': 806157}",Candace Owens,C
2021007339378311498,"I would like to add that this is young woman who worked directly for Andrew Kolvet, so perhaps the spokesperson can come right out and explain why they need photos of her residence and car? 

@AndrewKolvet ?",878247600096509952,"{'retweet_count': 1104, 'reply_count': 407, 'like_count': 9499, 'quote_count': 15, 'bookmark_count': 170, 'impression_count': 207075}",Candace Owens,C
2021005974933471642,"Turning Point USA sent a person out to take photos of Aubrey’s car and her home. This is the young woman they fired. 
Note: the individual taking the photos had no documents to serve them. He just got caught taking photos of her car and home. 

wtf is going on? https://t.co/6sArabUFy8",878247600096509952,"{'retweet_count': 2505, 'reply_count': 917, 'like_count': 12425, 'quote_count': 84, 'bookmark_count': 747, 'impression_count': 852443}",Candace Owens,C
2020977689604260342,"Today on the show: 

1) Bad Bunny vs. Turning Point USA for halftime: I’ll tell you the obvious winner. 

2) Fort Huachuca is back on the table. 

3) Seth Dillon says my show thumbnail almost got him killed. Lol. Zionists…

https://t.co/SUbwPSDIxo",878247600096509952,"{'retweet_count': 534, 'reply_count': 593, 'like_count': 4043, 'quote_count': 22, 'bookmark_count': 135, 'impression_count': 301573}",Candace Owens,C
2020933023420813408,"Seth Dillon told the committee that someone tried to kill his family because I put his face on an “I know what you did last summer” movie poster. 

We believe you, Seth. https://t.co/BtBw9lJFY1",878247600096509952,"{'retweet_count': 629, 'reply_count': 483, 'like_count': 8946, 'quote_count': 30, 'bookmark_count': 129, 'impression_count': 251770}",Candace Owens,C
2020930389695476066,"Elsewhere in this CSPAN clip, Seth lies, repeatedly, claiming that I’ve said things that I factually never once said. I do not support Zionism and I have never conflated it with “Jews” as he testifies. 

Elsewhere, he also lectures about Christ is King being co-opted.",878247600096509952,"{'retweet_count': 489, 'reply_count': 150, 'like_count': 5297, 'quote_count': 3, 'bookmark_count': 109, 'impression_count': 148328}",Candace Owens,C
2023039801537216700,"Pizza shop in Portland, Oregon says “food is political” in an unhinged anti-ICE rant

I guess if you support ICE they don’t want your business…

Would be a shame if everyone in the area saw this!! https://t.co/8QVULyqUvA",1326229737551912960,"{'retweet_count': 44, 'reply_count': 32, 'like_count': 154, 'quote_count': 1, 'bookmark_count': 10, 'impression_count': 4852}",Libs of TikTok,C
2023028237031665806,Anti-ICE students are throwing rocks at Trump supporters now https://t.co/N8xrdM0sOQ,1326229737551912960,"{'retweet_count': 282, 'reply_count': 151, 'like_count': 953, 'quote_count': 22, 'bookmark_count': 32, 'impression_count': 30483}",Libs of TikTok,C
2023021993239654604,"Girls cries for her mom while getting arrested during an anti-ICE riot

“I want my mommy!” https://t.co/zkoGzk8aWI",1326229737551912960,"{'retweet_count': 564, 'reply_count': 579, 'like_count': 4622, 'quote_count': 78, 'bookmark_count': 107, 'impression_count': 77409}",Libs of TikTok,C
2022986389407863008,"Border Patrol just posted this for Valentine’s Day 

Epic 🤣🤣🤣https://t.co/RGe796smXW",1326229737551912960,"{'retweet_count': 546, 'reply_count': 93, 'like_count': 4551, 'quote_count': 32, 'bookmark_count': 134, 'impression_count': 77640}",Libs of TikTok,C
2022884572665680044,"Lexy Doherty (D) is running for Congress in Georgia.

She had a freakout because ICE bought a building to use as a detention center for foreign r*pists, and calls it a “concentration camp.”

Why does @LexyDohertyGA want foreign criminals on our streets?

Remember this in https://t.co/UwD1gFLPk5",1326229737551912960,"{'retweet_count': 2094, 'reply_count': 1050, 'like_count': 6396, 'quote_count': 133, 'bookmark_count': 95, 'impression_count': 101824}",Libs of TikTok,C
2022883317142687778,"Meet Kaili Schmidt. A staff member at Gene Dillon Elementary school in Minnesota. She reposted this video celebrating a student who PUNCHED a pro-ICE student in the face.

Would you feel comfortable with this person teaching your children?

The principal can be reached here: https://t.co/2lz0Nn4BbM",1326229737551912960,"{'retweet_count': 5155, 'reply_count': 364, 'like_count': 13127, 'quote_count': 89, 'bookmark_count': 404, 'impression_count': 365650}",Libs of TikTok,C
2022870464675353080,"BREAKING: Hillary Clinton just admitted that mass migration and open borders is harmful:

 “It went too far, it’s been disruptive and destabilizing.”

Oh
https://t.co/UEkcHKtdmy",1326229737551912960,"{'retweet_count': 635, 'reply_count': 425, 'like_count': 5212, 'quote_count': 69, 'bookmark_count': 415, 'impression_count': 166132}",Libs of TikTok,C
2022857670093390059,"Florida teachers union holds press conference to encourage anti-ICE student walkouts

Another ad for homeschooling! https://t.co/nWBcljMYbR",1326229737551912960,"{'retweet_count': 2513, 'reply_count': 1705, 'like_count': 8635, 'quote_count': 406, 'bookmark_count': 246, 'impression_count': 165124}",Libs of TikTok,C
2022854167539089634,Video @bourne_beth2345. An incredibly brave mom fighting to protect children!,1326229737551912960,"{'retweet_count': 104, 'reply_count': 18, 'like_count': 1599, 'quote_count': 1, 'bookmark_count': 7, 'impression_count': 54063}",Libs of TikTok,C
2022850347618680921,"OMG. Principal at Da Vinci High School in @DJUSD allowed and supervised an anti-ICE protest where kids ran through the street and ripped up signs from counter-protesters

He then refused to answer questions

MAKE HIM FAMOUS https://t.co/wDRtHhy5Kb",1326229737551912960,"{'retweet_count': 9166, 'reply_count': 978, 'like_count': 19448, 'quote_count': 395, 'bookmark_count': 712, 'impression_count': 284769}",Libs of TikTok,C
2022848334009143694,"HOLY SHLIT

Liberal woman says she reported students to child protective services after they went to a TPUSA event

Deranged https://t.co/efWetCemeW",1326229737551912960,"{'retweet_count': 4478, 'reply_count': 1322, 'like_count': 26049, 'quote_count': 219, 'bookmark_count': 1469, 'impression_count': 520490}",Libs of TikTok,C
2022846321338503630,"Students in Aurora, Illinois assaulted a man for holding a Trump sign by their anti-ICE school walkout.

They allegedly also threw rocks, water bottles, and shoes at him

Where did these kids learn this behavior? 🤔https://t.co/N8xrdLZUZi",1326229737551912960,"{'retweet_count': 1963, 'reply_count': 563, 'like_count': 8279, 'quote_count': 95, 'bookmark_count': 264, 'impression_count': 170212}",Libs of TikTok,C
2022844895203914123,"Tim McBride, a man pretending to be a woman, held a panel on women’s rights with Hillary Clinton

You cannot make this up 

Tim is making a mockery of women.

Democrats hate women. https://t.co/JqPgV45deh",1326229737551912960,"{'retweet_count': 4412, 'reply_count': 1343, 'like_count': 24715, 'quote_count': 260, 'bookmark_count': 476, 'impression_count': 311055}",Libs of TikTok,C
2022844559412068542,"ICE agent: “If you actually cared, you’d probably care about the child that got raped and also the person who got murdered by the person we’re looking for. But see you don’t care.”

Leftist: “No I don’t care”

This is mainstream in the Democratic Party.
https://t.co/GRhlIq5ERw",1326229737551912960,"{'retweet_count': 2235, 'reply_count': 312, 'like_count': 10138, 'quote_count': 99, 'bookmark_count': 537, 'impression_count': 170009}",Libs of TikTok,C
2022840029589180782,BREAKING: Cheshire Police Dept in Connecticut announce they will NOT be cooperating with ICE after Democrats passed anti-ICE legislation in CT restricting police’s ability to work with ICE https://t.co/8AKeHc0PGT,1326229737551912960,"{'retweet_count': 471, 'reply_count': 283, 'like_count': 1362, 'quote_count': 40, 'bookmark_count': 44, 'impression_count': 69687}",Libs of TikTok,C
2022836506327683476,Liberalism is a mental disorder https://t.co/aNDi3ZDG7S,1326229737551912960,"{'retweet_count': 470, 'reply_count': 184, 'like_count': 3122, 'quote_count': 14, 'bookmark_count': 84, 'impression_count': 111307}",Libs of TikTok,C
2022446780223295720,"Libs of TikTok exposed even MORE far-left wokeness infecting our institutions.

-Chicago Nurse FIRED
-CO Democrats vote down legislation inspired by the tragic story of Carissa Aspnes
-Trans Healthcare at the VA REMOVED

Don't miss these stories 👇

https://t.co/mNxNa9LFcZ",1326229737551912960,"{'retweet_count': 927, 'reply_count': 112, 'like_count': 4507, 'quote_count': 9, 'bookmark_count': 120, 'impression_count': 492602}",Libs of TikTok,C
2022430838538015222,"NEW: The @CabrilloCollege Governing Board in California has passed a resolution prohibiting ICE from using their campus or any school facility for immigration operations.

Seems like something you do when you're trying to protect illegal aliens.

@ICEgov should investigate https://t.co/83JfURsZT2",1326229737551912960,"{'retweet_count': 270, 'reply_count': 127, 'like_count': 959, 'quote_count': 11, 'bookmark_count': 19, 'impression_count': 53497}",Libs of TikTok,C
2022427995378712704,"JUST IN: Don Lemon pleads NOT GUILTY in connection to the storming of a church service in Minnesota. 

“I will not be intimidated, I will not back down, I will fight these baseless charges, and I will not be silenced.”

https://t.co/Oj8nBMHdNe",1326229737551912960,"{'retweet_count': 716, 'reply_count': 1634, 'like_count': 4095, 'quote_count': 209, 'bookmark_count': 81, 'impression_count': 212102}",Libs of TikTok,C
2022324155174027670,"His account of Eskimo culture is pretty fascinating. They believed in the devil but had no conception of God. When a man died his dogs were killed and sent with him to the afterlife. When a woman died, her baby was sometimes strangled and buried with her. They were incredibly https://t.co/JKtCm6A7hJ",1500129642,"{'retweet_count': 101, 'reply_count': 94, 'like_count': 2560, 'quote_count': 3, 'bookmark_count': 105, 'impression_count': 95552}",Matt Walsh,C
2022324140544254149,"I’m starting to collect memorabilia and rare books related to exploration, especially polar exploration, because I’m a nerd. My wife found this for me. First edition signed copy of Robert Peary’s (contested) account of discovering the North Pole. Theodore Roosevelt wrote the https://t.co/ZVEkzi6Jyn",1500129642,"{'retweet_count': 215, 'reply_count': 271, 'like_count': 6730, 'quote_count': 12, 'bookmark_count': 188, 'impression_count': 155949}",Matt Walsh,C
2022301571267080263,"WATCH: Dumbest Democrat Ever Delivers Cringe Worthy Performance In Front Of Congress

https://t.co/r95yqLqw4i",1500129642,"{'retweet_count': 49, 'reply_count': 56, 'like_count': 474, 'quote_count': 1, 'bookmark_count': 20, 'impression_count': 100328}",Matt Walsh,C
2022086980260290850,"I think we have finally found the dumbest public official in the entire country

https://t.co/OYTscP4KQF",1500129642,"{'retweet_count': 257, 'reply_count': 168, 'like_count': 1788, 'quote_count': 8, 'bookmark_count': 104, 'impression_count': 360518}",Matt Walsh,C
2022012351969677438,I thought “bisexual” was the fakest sexual orientation but then they invented a bunch of other ones that are somehow even faker https://t.co/lRymiuoiQ5,1500129642,"{'retweet_count': 204, 'reply_count': 328, 'like_count': 4069, 'quote_count': 19, 'bookmark_count': 89, 'impression_count': 302178}",Matt Walsh,C
2021959573578690889,You are guilty of abuse and neglect as a parent if you’re letting your children have unfettered access to the internet. Plain and simple. You’re allowing them to wander into the darkest corners of existence. It can only harm them. The only question is how bad will it get. https://t.co/6200jlarRS,1500129642,"{'retweet_count': 882, 'reply_count': 222, 'like_count': 7660, 'quote_count': 30, 'bookmark_count': 309, 'impression_count': 278301}",Matt Walsh,C
2021929478226866370,This is just a flat out lie. These people have no shame. https://t.co/tL7tmEffIs,1500129642,"{'retweet_count': 3205, 'reply_count': 2550, 'like_count': 26509, 'quote_count': 263, 'bookmark_count': 442, 'impression_count': 572095}",Matt Walsh,C
2021927030229475346,"Conservatives generally defend Voter ID laws by insisting that all voters will be able to figure out how to get a valid ID, so the law won't disenfranchise anyone. But the truth is that a certain small percentage of voters actually won't be able to figure it out, which means that",1500129642,"{'retweet_count': 6775, 'reply_count': 2998, 'like_count': 64436, 'quote_count': 628, 'bookmark_count': 1723, 'impression_count': 1589436}",Matt Walsh,C
2021768329485041806,It’s hard to believe now but for most of American history congress was filled with high IQ men who were extremely articulate and took the job seriously https://t.co/TNM4jGwlQO,1500129642,"{'retweet_count': 1524, 'reply_count': 1382, 'like_count': 18572, 'quote_count': 87, 'bookmark_count': 686, 'impression_count': 800754}",Matt Walsh,C
2021711144483008956,"The only way that AI destroys Hollywood is if it destroys movies as a medium. Hollywood dies if we get to a point where we are satisfied to simply consume whatever slop the algorithm generates for us specifically, and the whole concept of having a shared experience of art as a",1500129642,"{'retweet_count': 45, 'reply_count': 129, 'like_count': 813, 'quote_count': 6, 'bookmark_count': 32, 'impression_count': 122862}",Matt Walsh,C
2021707466070020168,Okay so you make some AI slop film on your computer. How will anyone know it exists? Whats your marketing budget? And where will we watch it? Do you have relationships with any distributors? You can’t even begin to compete with Hollywood. In fact AI will make the imbalance even https://t.co/hRX3JQ3PbA,1500129642,"{'retweet_count': 45, 'reply_count': 207, 'like_count': 765, 'quote_count': 17, 'bookmark_count': 36, 'impression_count': 158031}",Matt Walsh,C
2021703917021630502,"I keep hearing people say that they’re happy to have AI takeover the film industry because “at least it will be better than what Hollywood puts out.” First of all, no it won’t. The dumbest Marvel slop is prime Francis Ford Coppola compared to anything an AI will make. Second, who",1500129642,"{'retweet_count': 136, 'reply_count': 328, 'like_count': 2153, 'quote_count': 41, 'bookmark_count': 103, 'impression_count': 251464}",Matt Walsh,C
2021686275334373450,"I return to my point that there is little hope for the future of this country as long as people like this are allowed to vote, much less serve in leadership positions in government. We need mass disenfranchisement of the dumbest and most incompetent among us. https://t.co/EiYY9Q4VuY",1500129642,"{'retweet_count': 2882, 'reply_count': 749, 'like_count': 16745, 'quote_count': 84, 'bookmark_count': 566, 'impression_count': 403466}",Matt Walsh,C
2021656962098778175,"I’ve been saying that trans ideology is basically defeated at a cultural and political level, and I still think that’s true. But that will only make its adherents even more dangerous as they face the humiliation of having devoted their lives to a lie that everyone has now moved",1500129642,"{'retweet_count': 1306, 'reply_count': 392, 'like_count': 13385, 'quote_count': 53, 'bookmark_count': 312, 'impression_count': 245190}",Matt Walsh,C
2021622101086474550,I know the answer is that the AI doesn’t really “understand” in the sense that conscious beings do. And I guess that’s true. But at what point does the distinction between understanding and the appearance of understanding start to collapse? Nobody really knows the answer to that.,1500129642,"{'retweet_count': 43, 'reply_count': 259, 'like_count': 1768, 'quote_count': 11, 'bookmark_count': 63, 'impression_count': 124746}",Matt Walsh,C
2021621221218295848,"I experimented with this using an old contract for a book deal years ago. All I can say is that in 30 seconds it picked up on all the things that my human lawyer picked up on, and a few things he didn’t.",1500129642,"{'retweet_count': 22, 'reply_count': 38, 'like_count': 1545, 'quote_count': 5, 'bookmark_count': 32, 'impression_count': 135656}",Matt Walsh,C
2021620843470557470,"Admittedly I’m a layman. I don’t understand how the technology works. But the thing I find most shocking and frankly terrifying about AI, at its current stage of development, is its ability to apparently understand. You can, right now, feed AI a legal contract and it will read",1500129642,"{'retweet_count': 228, 'reply_count': 932, 'like_count': 6321, 'quote_count': 95, 'bookmark_count': 543, 'impression_count': 557791}",Matt Walsh,C
2021609185201344834,I once again hate to say I told you so https://t.co/ZprjYwIBVX,1500129642,"{'retweet_count': 3148, 'reply_count': 545, 'like_count': 25253, 'quote_count': 164, 'bookmark_count': 2059, 'impression_count': 1726111}",Matt Walsh,C
2021604503015850384,"Any trans-identified person is by definition: 1) mentally ill 2) delusional 3) self-destructive. The fact that this group accounts for the most mass shooters per capita is not remotely surprising. If you wanted to invent an ideology specifically designed to create mass murderers,",1500129642,"{'retweet_count': 2754, 'reply_count': 477, 'like_count': 18864, 'quote_count': 81, 'bookmark_count': 464, 'impression_count': 251497}",Matt Walsh,C
2021603231462256836,"Trans people are the most dangerous and unstable group in existence and it’s not close. The entire gender transition industry must be forcibly shut down immediately. Not just for the sake of the gender confused people it preys upon, but for the safety of the general public.",1500129642,"{'retweet_count': 10966, 'reply_count': 3097, 'like_count': 77746, 'quote_count': 610, 'bookmark_count': 1469, 'impression_count': 1454597}",Matt Walsh,C
2022841732447228089,"10/10 speech by Secretary Rubio

The fact that European leaders gave this a standing ovation at the end is truly a very encouraging sign

 https://t.co/OVAaYxkvTC",1552795969959636992,"{'retweet_count': 1611, 'reply_count': 252, 'like_count': 17174, 'quote_count': 83, 'bookmark_count': 1947, 'impression_count': 302265}",End Wokeness,C
2022764783649558554,"""Replacement is a conspiracy theory"" https://t.co/kS7GpQDcH0",1552795969959636992,"{'retweet_count': 785, 'reply_count': 124, 'like_count': 4969, 'quote_count': 34, 'bookmark_count': 473, 'impression_count': 98132}",End Wokeness,C
2022701114135843125,"Police recruitment ad in Scotland

Scotland is 95% White https://t.co/djuSAKiWnU",1552795969959636992,"{'retweet_count': 1001, 'reply_count': 371, 'like_count': 9462, 'quote_count': 57, 'bookmark_count': 188, 'impression_count': 191148}",End Wokeness,C
2022486449652928749,She did it. She defeated ICE. https://t.co/YOqLL45oQc,1552795969959636992,"{'retweet_count': 339, 'reply_count': 1024, 'like_count': 6065, 'quote_count': 142, 'bookmark_count': 267, 'impression_count': 271256}",End Wokeness,C
2022458515718050025,"""Cutting lines for Black History Month"" https://t.co/2AonlIgigV",1552795969959636992,"{'retweet_count': 431, 'reply_count': 336, 'like_count': 5112, 'quote_count': 29, 'bookmark_count': 305, 'impression_count': 253063}",End Wokeness,C
2022380066190094661,Bodycam footage of the incident: https://t.co/YNAeU7YLXl https://t.co/xuCFQIA9Th,1552795969959636992,"{'retweet_count': 611, 'reply_count': 107, 'like_count': 5059, 'quote_count': 20, 'bookmark_count': 381, 'impression_count': 318330}",End Wokeness,C
2022379209604084213,"BREAKING: NYC Mayor Mamdani calls for 0 charges against man who tried kiIIing cops responding to a call 

""His handcuffs should be removed"" https://t.co/42UCMRYAIZ",1552795969959636992,"{'retweet_count': 3196, 'reply_count': 1950, 'like_count': 14538, 'quote_count': 674, 'bookmark_count': 1472, 'impression_count': 1789449}",End Wokeness,C
2022341543634636880,"Heartbreaking story in Minnesota

Autistic girl is now homeless because she was relying on services from a fraudulent Somali organization https://t.co/yxAngMOdYT",1552795969959636992,"{'retweet_count': 1393, 'reply_count': 357, 'like_count': 10389, 'quote_count': 107, 'bookmark_count': 889, 'impression_count': 282661}",End Wokeness,C
2022178828240794083,For those asking: this is not a skit https://t.co/r6AIsEPwfM,1552795969959636992,"{'retweet_count': 526, 'reply_count': 434, 'like_count': 4458, 'quote_count': 41, 'bookmark_count': 201, 'impression_count': 171026}",End Wokeness,C
2022152448274784714,"MN Lt. Governor Flanagan: ""My name in my tribe is Gizhiiwewidamoonkwe…. It means Speaking Loud Voice Woman"" https://t.co/MsRIGU0A9n",1552795969959636992,"{'retweet_count': 488, 'reply_count': 1955, 'like_count': 4784, 'quote_count': 336, 'bookmark_count': 869, 'impression_count': 934365}",End Wokeness,C
2022113883193045307,Just another day in Chicago…  https://t.co/vmS2QlghMP,1552795969959636992,"{'retweet_count': 1591, 'reply_count': 545, 'like_count': 11222, 'quote_count': 114, 'bookmark_count': 451, 'impression_count': 403370}",End Wokeness,C
2022083279927832751,These are the 8 innocent chiIdren kiIIed by a trans gunman in Canada https://t.co/biEnSm9Gyx,1552795969959636992,"{'retweet_count': 3515, 'reply_count': 659, 'like_count': 18610, 'quote_count': 139, 'bookmark_count': 468, 'impression_count': 312453}",End Wokeness,C
2022029757089820985,A glimpse into the West's future unless we reverse course: https://t.co/rmCd3WDA5Y,1552795969959636992,"{'retweet_count': 751, 'reply_count': 159, 'like_count': 4871, 'quote_count': 16, 'bookmark_count': 238, 'impression_count': 140486}",End Wokeness,C
2022027339300000031,"Coordinates via @jozivsjozi 

Definitely worth a follow",1552795969959636992,"{'retweet_count': 19, 'reply_count': 13, 'like_count': 658, 'quote_count': 1, 'bookmark_count': 12, 'impression_count': 88422}",End Wokeness,C
2022027060139663674,South Africa 15 years ago vs today: https://t.co/gRud77LV97,1552795969959636992,"{'retweet_count': 6420, 'reply_count': 1621, 'like_count': 34254, 'quote_count': 827, 'bookmark_count': 5178, 'impression_count': 1778309}",End Wokeness,C
2021972624117837943,BREAKING: Canada media outlet uses an AI filter to make the Tumbler Ridge kiIIer look female https://t.co/JFZhzrsi9U,1552795969959636992,"{'retweet_count': 2920, 'reply_count': 499, 'like_count': 20584, 'quote_count': 155, 'bookmark_count': 889, 'impression_count': 595813}",End Wokeness,C
2021962603350929819,"BREAKING: ""Teen"" kiIIs his friend at party in TX for not sharing his fries https://t.co/ZMne4AbjPY",1552795969959636992,"{'retweet_count': 1260, 'reply_count': 875, 'like_count': 8701, 'quote_count': 225, 'bookmark_count': 738, 'impression_count': 518293}",End Wokeness,C
2021820771325423918,"Say Her Name: Sam Linehan (28)

KiIIed at Starbucks in St. Louis this week by career felon Keith Brown

Zero national outrage https://t.co/8INCUfPHNu",1552795969959636992,"{'retweet_count': 13736, 'reply_count': 826, 'like_count': 42766, 'quote_count': 329, 'bookmark_count': 1004, 'impression_count': 600361}",End Wokeness,C
2021795364697981424,UPDATE: 19 New Yorkers froze to death due to this policy (so far) https://t.co/5gOwiVNHPd,1552795969959636992,"{'retweet_count': 816, 'reply_count': 211, 'like_count': 6391, 'quote_count': 25, 'bookmark_count': 138, 'impression_count': 152930}",End Wokeness,C
2022506098859618583,"People SPILL on their WORST Valentine’s Day 🤣💔

“I blacked out at dinner and she called me an Uber”😵

“He came 45 mins late and made me pay the bill” 😳 https://t.co/W9XTTWs7cs",56561449,"{'retweet_count': 79, 'reply_count': 65, 'like_count': 907, 'quote_count': 3, 'bookmark_count': 67, 'impression_count': 154025}",Jesse Watters,C
2022488059602719123,"NEW: Gavin Newsom and AOC just EMBARASSED THEMSELVES in MUNICH 🤣

Newsom MIMICKED AL GORE… “PEOPLE ARE BURNING UP” 🔥

AOC COPIED KAMALA… with HUGE WORD SALADS 🥗

Meanwhile, UNEMPLOYED KAMALA was CAUGHT on CAMERA… HANGING OUT at a BAR 🍺 🤣

Gavin, AOC, and Kamala better https://t.co/cxPTbgLM76",56561449,"{'retweet_count': 2874, 'reply_count': 380, 'like_count': 14288, 'quote_count': 38, 'bookmark_count': 448, 'impression_count': 420875}",Jesse Watters,C
2022487380926620076,"BREAKING: The Local Sheriff says the DNA found INSIDE of Nancy Guthrie’s HOME does not belong to ANYONE in the GUTHRIE FAMILY 🚨

It’s not the DNA of ANYONE “IN CLOSE CONTACT TO HER” either… that includes WORKERS AT THE HOUSE 🚨

Could this CRACK THE CASE? 💣 https://t.co/7053cVU2UQ",56561449,"{'retweet_count': 308, 'reply_count': 358, 'like_count': 2749, 'quote_count': 16, 'bookmark_count': 102, 'impression_count': 406700}",Jesse Watters,C
2022485737032089944,"🚨 BREAKING: TMZ says a NEW letter is alleging that the MANHUNT for Nancy Guthrie’s KIDNAPPER… could go “INTERNATIONAL” 🚨

DNA was also found INSIDE OF THE GUTHRIE HOME… and it’s NOT NANCY’S 🧬 💣

Bomb and Swat Teams have just been DEPLOYED 🚨 https://t.co/2A2e1MaACo",56561449,"{'retweet_count': 545, 'reply_count': 1352, 'like_count': 4378, 'quote_count': 77, 'bookmark_count': 407, 'impression_count': 1070615}",Jesse Watters,C
2022126905194053899,"🚨 JUST IN: Gavin Newsom is planning a visit TO NEW HAMPSHIRE 🚨

Yep, he’s RUNNING for 2028 🤣

One Problem… WOMEN DON’T LIKE HIM— and his WIFE is BIG FOOTING him on STAGE 🤣 🤣 https://t.co/FXFuLFUcf0",56561449,"{'retweet_count': 528, 'reply_count': 269, 'like_count': 5074, 'quote_count': 8, 'bookmark_count': 77, 'impression_count': 232431}",Jesse Watters,C
2022122503523700863,"BREAKING: DNA and a GLOVE was FOUND INSIDE of NANCY GUTHRIE’S HOME 🚨

The FBI says the Pima County Sheriff is BLOCKING KEY EVIDENCE from INVESTIGATORS 💣 https://t.co/wYLlMm963F",56561449,"{'retweet_count': 1114, 'reply_count': 999, 'like_count': 6028, 'quote_count': 110, 'bookmark_count': 405, 'impression_count': 608416}",Jesse Watters,C
2022120917707686094,"JUST IN: The FBI has just IDENTIFIED the BACKPACK of Nancy Guthrie’s KIDNAPPER 🚨

The FBI Forensic Team believe the suspect is either 5’9 or 5’10 🚨 https://t.co/9YVN2uEo1a",56561449,"{'retweet_count': 282, 'reply_count': 1223, 'like_count': 2050, 'quote_count': 48, 'bookmark_count': 76, 'impression_count': 237256}",Jesse Watters,C
2022099036158013605,"NEW: GREASY Gavin’s got a HUGE lady problem ♀️

He threw a SPLASHY abortion event to smooth things over… where his own WIFE BIG-FOOTS him at the PODIUM 🎙️💪🏻😂 https://t.co/OOskBqBoqk",56561449,"{'retweet_count': 527, 'reply_count': 184, 'like_count': 4306, 'quote_count': 11, 'bookmark_count': 122, 'impression_count': 201247}",Jesse Watters,C
2022095304569577950,"🚨 NEW: Trump KICKED Epstein out of Mar-a-Lago, CALLED the cops, and says “RELEASE THE FILES” — so why is the LEFT STILL outraged? 📂🔥 https://t.co/fjPQ75fuUk",56561449,"{'retweet_count': 2149, 'reply_count': 2049, 'like_count': 11908, 'quote_count': 102, 'bookmark_count': 225, 'impression_count': 174028}",Jesse Watters,C
2021765062365437991,"NEW: Bad Bunny LOST MILLIONS of VIEWS during the HALFTIME SHOW 🚨

It was a RECORD LOSS… WONDER WHY? 🤣🤣 https://t.co/dXpCTwGgSi",56561449,"{'retweet_count': 1714, 'reply_count': 943, 'like_count': 11394, 'quote_count': 53, 'bookmark_count': 273, 'impression_count': 231939}",Jesse Watters,C
2021760648279900493,"🚨 BREAKING: TMZ reports that the MASKED Suspect’s BACKPACK has been IDENTIFIED as a WALMART BRAND BAG 🚨

@PaulDMauro reports that Investigators may have also NARROWED DOWN the BRAND of the SWEATSHIRT and the SHOES that the KIDNAPPER HAD ON 💣

“I saw something today that makes https://t.co/G291nE6444",56561449,"{'retweet_count': 414, 'reply_count': 469, 'like_count': 3067, 'quote_count': 20, 'bookmark_count': 141, 'impression_count': 601152}",Jesse Watters,C
2021392835631792146,"🚨 BREAKING: TMZ is reporting that a PAYMENT was just made to the RANSOM ACCOUNT associated with NANCY GUTHRIE 💣🚨

SWAT and BOMB SQUADS have just been DEPLOYED… and the FBI is OUTSIDE of THE DAUGHTER’S HOME 🚨 https://t.co/nssHQtrey9",56561449,"{'retweet_count': 1772, 'reply_count': 925, 'like_count': 13933, 'quote_count': 106, 'bookmark_count': 1503, 'impression_count': 3382173}",Jesse Watters,C
2021368358373826988,"🚨 NEW: I was walking my dog in my OWN NEIGHBORHOOD when a stranger SLAMMED on the brakes, rolled down his window, and called me the “F” WORD 🚗🐕‍🦺 https://t.co/TaQF3ZnBhG",56561449,"{'retweet_count': 508, 'reply_count': 269, 'like_count': 5352, 'quote_count': 7, 'bookmark_count': 117, 'impression_count': 399338}",Jesse Watters,C
2021056540560552020,"NYC Liberal: This will NEVER be my colonizer ancestor's land! 😡😤

Johnny: Is this your land?😏

NYC Liberal: I mean, I live here!🫤
🤣🤣🤣 https://t.co/Fif1iXYROO",56561449,"{'retweet_count': 692, 'reply_count': 187, 'like_count': 7291, 'quote_count': 15, 'bookmark_count': 630, 'impression_count': 469547}",Jesse Watters,C
2021046796537979077,"NEW: @peterschweizer says the halftime show isn’t about music — it’s a call for OPEN BORDERS 🏈🚨

“This is more than a musical performance. This is a clash of civilizations.” 🤯

“He criticizes Americans for legally buying property in Puerto Rico, but has no problem with tens of https://t.co/1nwM2LrMcW",56561449,"{'retweet_count': 578, 'reply_count': 180, 'like_count': 2708, 'quote_count': 11, 'bookmark_count': 96, 'impression_count': 95504}",Jesse Watters,C
2021046387132314111,"NEW: Everyone’s pretending the SUPER BOWL HALFTIME show was GOOD 🤣🏈🚨

BAD BUNNY sang almost the entire performance in SPANISH 🌎🎤

Most viewers did not understand a WORD 

@greggutfeld has a better idea for NEXT YEAR https://t.co/1y7cNnNdlz",56561449,"{'retweet_count': 827, 'reply_count': 751, 'like_count': 6559, 'quote_count': 24, 'bookmark_count': 265, 'impression_count': 259479}",Jesse Watters,C
2021046066741703073,"JUST IN: Americans needed SUBTITLES for their own SUPER BOWL 🇺🇸🚨

For the first time, MILLIONS of viewers felt LEFT OUT of the biggest game of the year. 🤨📺

This was an OPEN BORDERS halftime performance

A SUPER BOWL performance should bring the country together, not make https://t.co/dM9UFMzZZI",56561449,"{'retweet_count': 1824, 'reply_count': 1046, 'like_count': 8576, 'quote_count': 67, 'bookmark_count': 216, 'impression_count': 112928}",Jesse Watters,C
2022881269185437785,Epstein Files RELEASED! Alex Jones Breaks Down https://t.co/NpproOK0Lo,109065990,"{'retweet_count': 204, 'reply_count': 147, 'like_count': 734, 'quote_count': 56, 'bookmark_count': 165, 'impression_count': 86226}",Alex Jones,C
2022880066032599516,We are about to go LIVE! https://t.co/L6Kca40Rod https://t.co/l3nZQhEClD,109065990,"{'retweet_count': 124, 'reply_count': 67, 'like_count': 676, 'quote_count': 7, 'bookmark_count': 59, 'impression_count': 112210}",Alex Jones,C
2022875735292018978,"I am about to release exclusive Intel on the new Epstein file drop on a live podcast with Fresh And Fit in less than an hour., https://t.co/9FM8k5bh48 https://t.co/jCcLuQzIh5",109065990,"{'retweet_count': 272, 'reply_count': 131, 'like_count': 1496, 'quote_count': 12, 'bookmark_count': 172, 'impression_count': 255467}",Alex Jones,C
2022868143178158470,🚨I am proud to be on the official Epstein list like Von Helsing is proud to be on Dracula‘s enemies list..🚨 https://t.co/NXuJvTuasI,109065990,"{'retweet_count': 201, 'reply_count': 132, 'like_count': 1246, 'quote_count': 5, 'bookmark_count': 74, 'impression_count': 110156}",Alex Jones,C
2022867712683147739,Breaking I am on the official Epstien list that the DOJ just released tonight! My response is below…. https://t.co/CboU50oZY6 https://t.co/jCcLuQzIh5,109065990,"{'retweet_count': 920, 'reply_count': 459, 'like_count': 8983, 'quote_count': 42, 'bookmark_count': 1965, 'impression_count': 2513959}",Alex Jones,C
2022865207148544010,Great job @elonmusk and X for being instrumental in the release of these historic files.. https://t.co/CxfuMgrvlx,109065990,"{'retweet_count': 284, 'reply_count': 57, 'like_count': 1296, 'quote_count': 3, 'bookmark_count': 53, 'impression_count': 71982}",Alex Jones,C
2022864923861156136,Trump just released the full Epstein list! Plus Epstein and Woody Allen discussed eating humans and grinding up their bones for “fiber” in lengthy conversations.. https://t.co/Q0AFNewq50 https://t.co/slU0EPb13H,109065990,"{'retweet_count': 2553, 'reply_count': 383, 'like_count': 9343, 'quote_count': 93, 'bookmark_count': 1383, 'impression_count': 622448}",Alex Jones,C
2022861789034066183,"BREAKING: DOJ JUST SENT CONGRESS THE OFFICIAL EPSTEIN NAME LIST

AG Pamela Bondi and Deputy AG Todd Blanche have submitted a six-page letter to the House and Senate Judiciary Committees under Section 3 of the Epstein Files Transparency Act, which requires a full accounting of https://t.co/Gkn5OFSAnY https://t.co/8mHx393rM0",109065990,"{'retweet_count': 1086, 'reply_count': 622, 'like_count': 3843, 'quote_count': 136, 'bookmark_count': 1225, 'impression_count': 1160043}",Alex Jones,C
2022858478348308860,Public pressure just made Trump stop listening to his twisted advisors and do the right thing.. https://t.co/jCcLuQzIh5,109065990,"{'retweet_count': 359, 'reply_count': 278, 'like_count': 1637, 'quote_count': 15, 'bookmark_count': 82, 'impression_count': 93371}",Alex Jones,C
2022855130865975540,"🫡🚨🚨🚨Trump is UBER PISSED! This is MASSIVE NEWS for TEAM HUMANITY!!! 

Under Trumps orders ALL Epstein fills have been Released! 

3 million more files that according to sources are many times more shocking just hit the NET!!🚨🚨🫡 https://t.co/jCcLuQzIh5",109065990,"{'retweet_count': 779, 'reply_count': 300, 'like_count': 3280, 'quote_count': 50, 'bookmark_count': 333, 'impression_count': 289592}",Alex Jones,C
2022854018142187920,"KABOOM!! JUST IN: AG Pam Bondi just UNLEASHED the FULL Epstein Files under the Transparency Act, ALL 3.5 MILLION pages DROPPED, redactions JUSTIFIED only for victims, and HIGH-PROFILE names EXPOSED with ZERO cover-ups for embarrassment or politics. 

“No records withheld or https://t.co/O8wAtwNS2C https://t.co/EUajj8xJpF",109065990,"{'retweet_count': 7529, 'reply_count': 2409, 'like_count': 32514, 'quote_count': 369, 'bookmark_count': 5000, 'impression_count': 6497686}",Alex Jones,C
2022809877341470815,🚨🚨MASSIVE SATANIC ELITE DEATH CULT NEWS IS ABOUT TO BREAK!!🚨🚨 https://t.co/XMX8S6bQ2G,109065990,"{'retweet_count': 1601, 'reply_count': 257, 'like_count': 4725, 'quote_count': 25, 'bookmark_count': 433, 'impression_count': 277325}",Alex Jones,C
2022809424415297737,This is very important info… https://t.co/JlvvuWDLZA,109065990,"{'retweet_count': 138, 'reply_count': 40, 'like_count': 619, 'quote_count': 4, 'bookmark_count': 121, 'impression_count': 70169}",Alex Jones,C
2022809358699057229,"The modern insane left defined in 20 sec.

ICE agent: “If you cared, you would care about the child who got raped and the person who got murdered by the guy we’re looking for. “

entitled and psychotic old white lady: “I don’t care.” https://t.co/QS5Af9LyjV",109065990,"{'retweet_count': 398, 'reply_count': 121, 'like_count': 2368, 'quote_count': 20, 'bookmark_count': 125, 'impression_count': 85835}",Alex Jones,C
2022778687687364675,"Breaking Video! Joe Rogan Awakens To The Satanic Invasion And That Everything Has ALWAYS Been A Battle of Good Vs Evil 

Plus Watch Tucker Carlson And Alex Jones Predict The Great Awakening To The Satanic Scourge That Is Now Taking Place 3 Months Ago! 

Absolute Must! Watch And https://t.co/8scp6GlAWI",109065990,"{'retweet_count': 420, 'reply_count': 104, 'like_count': 1728, 'quote_count': 12, 'bookmark_count': 587, 'impression_count': 197552}",Alex Jones,C
2022769475704242576,"Breaking Video! Congressman Tim Burchett Warns Epstein Files Are Full Of Brutal Satanism And Will Shock The World 

99% Of The People Found In The Files Are Democrats, Triggering Mass Resignations At The Highest Levels.

Plus Watch Alex Jones Be The First To Report That Epstein https://t.co/OCZTHLEuNT",109065990,"{'retweet_count': 2256, 'reply_count': 385, 'like_count': 7084, 'quote_count': 53, 'bookmark_count': 735, 'impression_count': 490815}",Alex Jones,C
2022750939170427050,"Prediction: Soon the attackers will be made police officers. 

Western governments are deliberately sponsoring and protecting this type of activity. 
……..,,,,…..,,,,,,,,,,,,,,,,,,,,,,,,,,,,,,,,,,,,,,,,,,,,,,,,
Even in the most remote corners of my country, migrants have taken https://t.co/VWWlAIujtI https://t.co/Vf5ydb6Bab",109065990,"{'retweet_count': 1466, 'reply_count': 291, 'like_count': 5795, 'quote_count': 45, 'bookmark_count': 274, 'impression_count': 263799}",Alex Jones,C
2022376927391097135,"I won’t even consider voting in the midterms unless the Epstein Files are fully unredacted, mass deportations resume, and we don’t go to war with Iran.",2442888666,"{'retweet_count': 3727, 'reply_count': 2458, 'like_count': 46346, 'quote_count': 261, 'bookmark_count': 1007, 'impression_count': 978981}",Nicholas J. Fuentes,C
2021957522463289696,"Tom Homan just officially announced the full withdrawal of ICE from Minneapolis.

This is nothing short of a complete and total surrender to the radical Left agitators.

Trump has sent the message that rioting, stalking, and attacking ICE agents works. https://t.co/sNOxWQPt5C",2442888666,"{'retweet_count': 4903, 'reply_count': 2616, 'like_count': 50621, 'quote_count': 466, 'bookmark_count': 2517, 'impression_count': 2217519}",Nicholas J. Fuentes,C
2021647685376520409,"Howard Lutnick needs to be fired.

Les Wexner needs to be indicted.

And the DOJ needs to unredact and release every single one of the 6 million Epstein files and investigate everybody who is implicated. This isn’t going away.",2442888666,"{'retweet_count': 6378, 'reply_count': 1635, 'like_count': 62308, 'quote_count': 182, 'bookmark_count': 1323, 'impression_count': 1081174}",Nicholas J. Fuentes,C
2021270710497275914,"It is truly staggering how much cultural and political capital the Right Wing has blown through in barely a year.

Trump won the popular vote in 2024 and by now he’d probably lose to Joe Biden if an election were held today.

Devoured from within by Zionists and grifters.",2442888666,"{'retweet_count': 3741, 'reply_count': 1514, 'like_count': 53069, 'quote_count': 193, 'bookmark_count': 1660, 'impression_count': 1234716}",Nicholas J. Fuentes,C
2020939337853174092,"I liked the halftime show, I thought it was fun 🤷‍♂️",2442888666,"{'retweet_count': 1344, 'reply_count': 4622, 'like_count': 38922, 'quote_count': 846, 'bookmark_count': 2129, 'impression_count': 4799659}",Nicholas J. Fuentes,C
2020588692767904045,My wittle shirt https://t.co/fioWXmQC0j,2442888666,"{'retweet_count': 366, 'reply_count': 100, 'like_count': 9582, 'quote_count': 3, 'bookmark_count': 166, 'impression_count': 366206}",Nicholas J. Fuentes,C
2020509722101604514,"Remember last year when Ye bought a Super Bowl ad and the only product for sale on his website was a swastika t-shirt

Good times 😌",2442888666,"{'retweet_count': 1840, 'reply_count': 711, 'like_count': 47397, 'quote_count': 52, 'bookmark_count': 998, 'impression_count': 1175474}",Nicholas J. Fuentes,C
2020145845224550733,"Ronald Lauder, President of the World Jewish Congress, is mentioned ~1,000 times in the Epstein Files.

Last year, Lauder donated $5 million to MAGA Inc, Trump’s super PAC.

His son-in-law, Kevin Warsh, was just nominated by Trump to become the Chairman of the Federal Reserve.",2442888666,"{'retweet_count': 6388, 'reply_count': 969, 'like_count': 49089, 'quote_count': 194, 'bookmark_count': 3550, 'impression_count': 1008848}",Nicholas J. Fuentes,C
2019832219091759232,"Stephen Miller’s Jewish wife says the Epstein Files are a “Democrat Hoax.”

Meanwhile Stephen retweets Lindsey Graham and Randy Fine all day.

I’m so done with these fucking people. https://t.co/r6rUNW95MR",2442888666,"{'retweet_count': 1908, 'reply_count': 616, 'like_count': 24881, 'quote_count': 32, 'bookmark_count': 726, 'impression_count': 1284781}",Nicholas J. Fuentes,C
2019822694716633464,Nothing will spike my cortisol today 😌,2442888666,"{'retweet_count': 990, 'reply_count': 635, 'like_count': 21454, 'quote_count': 51, 'bookmark_count': 363, 'impression_count': 506599}",Nicholas J. Fuentes,C
2019593813308977539,"&gt;Criminal Aliens

Buck broken. https://t.co/CR62TA6DAj",2442888666,"{'retweet_count': 1114, 'reply_count': 337, 'like_count': 20700, 'quote_count': 16, 'bookmark_count': 339, 'impression_count': 1009708}",Nicholas J. Fuentes,C
2019502751550505074,Never Vance.,2442888666,"{'retweet_count': 2449, 'reply_count': 1333, 'like_count': 34959, 'quote_count': 140, 'bookmark_count': 574, 'impression_count': 2049056}",Nicholas J. Fuentes,C
2019428823520145498,"Mass deportations are officially over.

I told you exactly how it would play out.

This clip is from November 2024:
 https://t.co/aCUIBDQvhu",2442888666,"{'retweet_count': 2304, 'reply_count': 906, 'like_count': 26712, 'quote_count': 98, 'bookmark_count': 2499, 'impression_count': 762021}",Nicholas J. Fuentes,C
2018871105264734209,"We’re good 🤝

Gotta save our firepower for the real enemy. https://t.co/PpOPt6BMMV",2442888666,"{'retweet_count': 912, 'reply_count': 1669, 'like_count': 29249, 'quote_count': 180, 'bookmark_count': 730, 'impression_count': 1525102}",Nicholas J. Fuentes,C
2018716059964993833,Goyim fatigue 🥱,2442888666,"{'retweet_count': 2356, 'reply_count': 2038, 'like_count': 44522, 'quote_count': 165, 'bookmark_count': 822, 'impression_count': 1090927}",Nicholas J. Fuentes,C
2018420637883088927,"The Dept of Justice should reopen the investigation into Jeffrey Epstein and his associates in light of the file dump.

It’s not enough for the public to see another random tranche of files, the DOJ has an obligation to follow up on all of it.

Transparency AND accountability.",2442888666,"{'retweet_count': 3585, 'reply_count': 1322, 'like_count': 44553, 'quote_count': 101, 'bookmark_count': 808, 'impression_count': 944498}",Nicholas J. Fuentes,C
2018316720067195223,"My application for @kick Partnership Program was approved on Wednesday.

By today (Monday), Kick terminated my account from their partnership program for no reason with no explanation.

I average 35k-40k/night which would make me one of the top streamers on Kick. https://t.co/Sew27WaP1C",2442888666,"{'retweet_count': 2128, 'reply_count': 2166, 'like_count': 42047, 'quote_count': 154, 'bookmark_count': 1513, 'impression_count': 1806267}",Nicholas J. Fuentes,C
2017974360271659031,"Never forget that Donald Trump and his Department of Justice both said that the “Epstein Files” DO NOT EXIST for a year.

THEY LIED. And they only released the files because they were ordered to by an act of Congress. What else are they hiding?",2442888666,"{'retweet_count': 7259, 'reply_count': 3060, 'like_count': 83002, 'quote_count': 370, 'bookmark_count': 2717, 'impression_count': 3866257}",Nicholas J. Fuentes,C
2017247610021523947,Youre a barely literate turk roach that abuses animals https://t.co/zpPs0XMItX,2442888666,"{'retweet_count': 3748, 'reply_count': 1875, 'like_count': 91154, 'quote_count': 397, 'bookmark_count': 2439, 'impression_count': 4313364}",Nicholas J. Fuentes,C
2016956351184875531,"Notice how the language of mass deportations is quietly being softened.

We were promised sweeping raids and zero tolerance for any illegal alien.

Now they are talking about “targeted enforcement” against “criminal illegal aliens.” Total capitulation to the Left.",2442888666,"{'retweet_count': 3458, 'reply_count': 1347, 'like_count': 42677, 'quote_count': 109, 'bookmark_count': 910, 'impression_count': 1035722}",Nicholas J. Fuentes,C
2023018777903071418,"Isn't it amazing how she's pretending to be innocent when she almost killed this dude?! 

This is one of the BIG drawbacks of Colombia...all the girls are hookers and criminals willing to kill you... https://t.co/nq61Aa699K",1721139282092429312,"{'retweet_count': 19, 'reply_count': 23, 'like_count': 205, 'quote_count': 2, 'bookmark_count': 10, 'impression_count': 11639}",Myron Gaines,C
2022949330873913645,"Do you see why I say they 90% of women need to be second class citizens again? 

There is a reason women were kept as subordinates and away from power for thousands of years in human history. 

This is also why arranged marriages were a thing. https://t.co/naizgvrvdF",1721139282092429312,"{'retweet_count': 80, 'reply_count': 53, 'like_count': 873, 'quote_count': 5, 'bookmark_count': 128, 'impression_count': 26724}",Myron Gaines,C
2022946565338362118,"You can't negotiate desire with women. 

They are emotional creatures destined to be subordinate to a man. 

Her body language and mannerisms prove this...

Gentlemen, if she's not interested just move on... https://t.co/JxrvYcboFY",1721139282092429312,"{'retweet_count': 75, 'reply_count': 130, 'like_count': 1221, 'quote_count': 9, 'bookmark_count': 166, 'impression_count': 59561}",Myron Gaines,C
2022936461654528140,👀 https://t.co/kTPKjXzwfK,1721139282092429312,"{'retweet_count': 52, 'reply_count': 33, 'like_count': 495, 'quote_count': 6, 'bookmark_count': 64, 'impression_count': 25626}",Myron Gaines,C
2022900240932810905,Live NOW with the legend @RealAlexJones now discussing the Epstein file dump! https://t.co/P0xVatnI4W,1721139282092429312,"{'retweet_count': 25, 'reply_count': 25, 'like_count': 216, 'quote_count': 2, 'bookmark_count': 25, 'impression_count': 23503}",Myron Gaines,C
2022886647411384581,"Live with the legend @RealAlexJones! 
https://t.co/hMbDceLdVM",1721139282092429312,"{'retweet_count': 45, 'reply_count': 30, 'like_count': 329, 'quote_count': 4, 'bookmark_count': 26, 'impression_count': 9805}",Myron Gaines,C
2022862655464075542,Embarrassing...this is why so many women are useless. https://t.co/5LLR7W62Sm,1721139282092429312,"{'retweet_count': 71, 'reply_count': 60, 'like_count': 839, 'quote_count': 0, 'bookmark_count': 69, 'impression_count': 44219}",Myron Gaines,C
2022853152731439429,🤣🫵🏽🤡 https://t.co/qbePfB6jrY,1721139282092429312,"{'retweet_count': 37, 'reply_count': 24, 'like_count': 553, 'quote_count': 2, 'bookmark_count': 40, 'impression_count': 17177}",Myron Gaines,C
2022773918541725934,Happy black history month! https://t.co/OLPzIVnZ2F,1721139282092429312,"{'retweet_count': 46, 'reply_count': 57, 'like_count': 715, 'quote_count': 1, 'bookmark_count': 33, 'impression_count': 25594}",Myron Gaines,C
2022769265565196539,Come on N3on! https://t.co/FZNuLEwpk4,1721139282092429312,"{'retweet_count': 11, 'reply_count': 17, 'like_count': 208, 'quote_count': 0, 'bookmark_count': 17, 'impression_count': 14581}",Myron Gaines,C
2022762682450088247,"Marriage (via the state) is no longer a viable option for any man with any type of status or money. 

Too much risk for almost no reward. 

The only way to do it is religiously with a prenup in place and zero state involvement and even then you're still not 100% safe depending on https://t.co/NNQYgk9JBd",1721139282092429312,"{'retweet_count': 41, 'reply_count': 45, 'like_count': 639, 'quote_count': 4, 'bookmark_count': 120, 'impression_count': 109360}",Myron Gaines,C
2022746316313629038,Recreational use only. https://t.co/u98huxuUc7,1721139282092429312,"{'retweet_count': 25, 'reply_count': 68, 'like_count': 554, 'quote_count': 1, 'bookmark_count': 30, 'impression_count': 32168}",Myron Gaines,C
2022725242674716774,🤔🤔🤔 https://t.co/RoR9glX9gY,1721139282092429312,"{'retweet_count': 17, 'reply_count': 12, 'like_count': 163, 'quote_count': 0, 'bookmark_count': 7, 'impression_count': 12356}",Myron Gaines,C
2022714855921160271,"Big update! 

I hope they find her, despite grim kidnap statistics when it comes to victims being found alive. https://t.co/ZGRQa6s9dR",1721139282092429312,"{'retweet_count': 26, 'reply_count': 22, 'like_count': 378, 'quote_count': 1, 'bookmark_count': 10, 'impression_count': 27383}",Myron Gaines,C
2022714516035838302,W Alex Stein 🤣😭@alexstein99 hahaha https://t.co/3mYWTmWrVj,1721139282092429312,"{'retweet_count': 136, 'reply_count': 31, 'like_count': 1881, 'quote_count': 6, 'bookmark_count': 135, 'impression_count': 81183}",Myron Gaines,C
2022709830591320559,The Truth Behind Ghislaines Deal. https://t.co/RoR9glX9gY,1721139282092429312,"{'retweet_count': 14, 'reply_count': 9, 'like_count': 154, 'quote_count': 0, 'bookmark_count': 7, 'impression_count': 9696}",Myron Gaines,C
2022709399161061468,Women Are Never Honest About This.. https://t.co/KGM7PlJRSF,1721139282092429312,"{'retweet_count': 11, 'reply_count': 5, 'like_count': 138, 'quote_count': 0, 'bookmark_count': 18, 'impression_count': 11409}",Myron Gaines,C
2022696031574753591,"Yup, Canada is cooked. 

Retarded women and cucked men run your government, and Indians run your general population. 

GG. https://t.co/3nt29A9mNq",1721139282092429312,"{'retweet_count': 208, 'reply_count': 118, 'like_count': 1757, 'quote_count': 9, 'bookmark_count': 98, 'impression_count': 39569}",Myron Gaines,C
2022695393562177725,More mental illness... https://t.co/ZxU6j7bLS1,1721139282092429312,"{'retweet_count': 26, 'reply_count': 33, 'like_count': 445, 'quote_count': 1, 'bookmark_count': 9, 'impression_count': 17844}",Myron Gaines,C
2022693009171587349,Mental illness https://t.co/JJ1M2aTuFU,1721139282092429312,"{'retweet_count': 161, 'reply_count': 97, 'like_count': 2923, 'quote_count': 7, 'bookmark_count': 28, 'impression_count': 48359}",Myron Gaines,C
2022766130893598804,XoXo https://t.co/6odpovlL4q,11347122,"{'retweet_count': 938, 'reply_count': 768, 'like_count': 7094, 'quote_count': 86, 'bookmark_count': 270, 'impression_count': 191799}",GavinNewsom,L
2022736016923332788,Couldn’t agree more — our strength comes from our unity and partnership. California will continue to proclaim those principles in the absence of leadership in Washington. https://t.co/JegpLXvHlx,11347122,"{'retweet_count': 617, 'reply_count': 596, 'like_count': 4097, 'quote_count': 24, 'bookmark_count': 80, 'impression_count': 140495}",GavinNewsom,L
2022373406352843095,Donald Trump is temporary. California's leadership is not. https://t.co/zJvmHx2PFm,11347122,"{'retweet_count': 1336, 'reply_count': 3390, 'like_count': 15444, 'quote_count': 198, 'bookmark_count': 156, 'impression_count': 316643}",GavinNewsom,L
2021448819851104654,Ted “forgot” California subsidizes Texas — providing $80 billion more than it receives while Texas takes $70+ billion more than it gives. https://t.co/TcR95MPfWF,11347122,"{'retweet_count': 2510, 'reply_count': 2124, 'like_count': 32576, 'quote_count': 185, 'bookmark_count': 691, 'impression_count': 2635672}",GavinNewsom,L
2021365517077057743,Racist tropes coming from the President should disgust every American. https://t.co/a6mH0vTD11,11347122,"{'retweet_count': 4200, 'reply_count': 3936, 'like_count': 29594, 'quote_count': 184, 'bookmark_count': 506, 'impression_count': 406976}",GavinNewsom,L
2020712001534857324,https://t.co/d2Qo5Lyjnf,11347122,"{'retweet_count': 5165, 'reply_count': 1508, 'like_count': 52654, 'quote_count': 92, 'bookmark_count': 388, 'impression_count': 404366}",GavinNewsom,L
2020672849741336789,"America, the beautiful.

THANK YOU, BAD BUNNY.",11347122,"{'retweet_count': 12379, 'reply_count': 4691, 'like_count': 155495, 'quote_count': 266, 'bookmark_count': 1094, 'impression_count': 1715504}",GavinNewsom,L
2020666527847002457,WOW. https://t.co/Oib65SLbnk,11347122,"{'retweet_count': 572, 'reply_count': 345, 'like_count': 11108, 'quote_count': 5, 'bookmark_count': 74, 'impression_count': 746555}",GavinNewsom,L
2020586106321035622,"HAPPY BAD BUNNY DAY, AMERICA! https://t.co/alvvQeXJR8",11347122,"{'retweet_count': 6490, 'reply_count': 4296, 'like_count': 50591, 'quote_count': 278, 'bookmark_count': 961, 'impression_count': 1273941}",GavinNewsom,L
2019951919016645113,All of them? https://t.co/7Ao3jkAgIj,11347122,"{'retweet_count': 754, 'reply_count': 736, 'like_count': 11388, 'quote_count': 26, 'bookmark_count': 39, 'impression_count': 290877}",GavinNewsom,L
2019587611921379772,"Louisiana plans to sue me because I won’t extradite a doctor for providing an abortion.

@AGLizMurrill: Go fuck yourself. California will never help you criminalize healthcare. https://t.co/1CPMAWwCNU",11347122,"{'retweet_count': 10228, 'reply_count': 5614, 'like_count': 70281, 'quote_count': 902, 'bookmark_count': 1398, 'impression_count': 2339568}",GavinNewsom,L
2019446614205821054,An absolute fraud and disgrace. https://t.co/QhkmfDptPm,11347122,"{'retweet_count': 5710, 'reply_count': 7669, 'like_count': 37519, 'quote_count': 388, 'bookmark_count': 528, 'impression_count': 903729}",GavinNewsom,L
2019131838011437093,LFG. https://t.co/4Q9h2lSwO6,11347122,"{'retweet_count': 1727, 'reply_count': 1321, 'like_count': 15970, 'quote_count': 79, 'bookmark_count': 127, 'impression_count': 257752}",GavinNewsom,L
2018519493329502291,"Trump’s America is about terror, chaos, and fear. https://t.co/hOAzvG2ZQg",11347122,"{'retweet_count': 1802, 'reply_count': 1818, 'like_count': 10445, 'quote_count': 71, 'bookmark_count': 124, 'impression_count': 168430}",GavinNewsom,L
2018462650112541152,.@DHSgov recruitment tactics are straight out of the 1930’s. https://t.co/ym5O7T6UYs,11347122,"{'retweet_count': 496, 'reply_count': 516, 'like_count': 3127, 'quote_count': 17, 'bookmark_count': 73, 'impression_count': 117917}",GavinNewsom,L
2018457728864378915,Donald Trump doesn’t care about the pain and suffering his reckless administration is causing. https://t.co/EUpcV0JV9Q,11347122,"{'retweet_count': 1872, 'reply_count': 4098, 'like_count': 12670, 'quote_count': 160, 'bookmark_count': 187, 'impression_count': 265744}",GavinNewsom,L
2017831384325480637,LFG. https://t.co/1dltiINF9D,11347122,"{'retweet_count': 2777, 'reply_count': 839, 'like_count': 33277, 'quote_count': 51, 'bookmark_count': 257, 'impression_count': 689181}",GavinNewsom,L
2017249169984061803,Putin would be proud. https://t.co/S4RTtK6Uaz,11347122,"{'retweet_count': 3265, 'reply_count': 5079, 'like_count': 21375, 'quote_count': 272, 'bookmark_count': 228, 'impression_count': 536909}",GavinNewsom,L
2017063717750657278,Now is not the time to roll over. This is code red. https://t.co/Vvqo85smyS,11347122,"{'retweet_count': 4042, 'reply_count': 2932, 'like_count': 21991, 'quote_count': 178, 'bookmark_count': 342, 'impression_count': 354520}",GavinNewsom,L
2017041150843244555,"What more evidence do we need that Donald Trump is trying to torch our republic.

None of this can be normalized. https://t.co/3HpDEQLrDt",11347122,"{'retweet_count': 3876, 'reply_count': 4368, 'like_count': 19467, 'quote_count': 206, 'bookmark_count': 259, 'impression_count': 294771}",GavinNewsom,L
2022770535831113759,The happy couple!!! https://t.co/piQOgInldM,428454304,"{'retweet_count': 315, 'reply_count': 635, 'like_count': 3432, 'quote_count': 6, 'bookmark_count': 36, 'impression_count': 261625}",Harry Sisson,L
2022600812724146475,"It’s still baffling to me that some MAGA fans are so insane that they’ll sit there and defend Trump’s cover up of the Epstein files and his own relationship with Epstein. Politics aside, you’d hope every person could condemn it but… no.",428454304,"{'retweet_count': 196, 'reply_count': 295, 'like_count': 2149, 'quote_count': 9, 'bookmark_count': 16, 'impression_count': 35703}",Harry Sisson,L
2022499361813348699,Gavin Newsom is right. Donald Trump is temporary. He won’t be around forever. Countries around the world should know that. https://t.co/l9r2rS2hBS,428454304,"{'retweet_count': 518, 'reply_count': 598, 'like_count': 4748, 'quote_count': 21, 'bookmark_count': 61, 'impression_count': 72652}",Harry Sisson,L
2022464653226299687,Trump voter gets DEBUNKED on the Epstein files… https://t.co/B6vJStqtHq,428454304,"{'retweet_count': 511, 'reply_count': 240, 'like_count': 2925, 'quote_count': 14, 'bookmark_count': 311, 'impression_count': 63526}",Harry Sisson,L
2022083959249875060,Damn. Cardi B just slammed Trump and MAGA! https://t.co/3dWUV4xhmy,428454304,"{'retweet_count': 1055, 'reply_count': 635, 'like_count': 9842, 'quote_count': 25, 'bookmark_count': 126, 'impression_count': 126925}",Harry Sisson,L
2021978410071839184,I cannot believe how dumb these MAGA influencers are. This is very clearly an AI image and their room temperature IQ doesn’t allow them to see that https://t.co/lQWdBTS1NH,428454304,"{'retweet_count': 135, 'reply_count': 203, 'like_count': 1382, 'quote_count': 3, 'bookmark_count': 22, 'impression_count': 43616}",Harry Sisson,L
2021786694765490488,Trump pardoned a pedophile and MAGA is silent about it. https://t.co/cWyW3CVQTl,428454304,"{'retweet_count': 836, 'reply_count': 320, 'like_count': 3274, 'quote_count': 30, 'bookmark_count': 70, 'impression_count': 68031}",Harry Sisson,L
2021753100009439599,I confronted a MAGA commentator on Trump’s cover up of the Epstein files… https://t.co/r0JnvyBWAG,428454304,"{'retweet_count': 323, 'reply_count': 301, 'like_count': 1913, 'quote_count': 10, 'bookmark_count': 178, 'impression_count': 56735}",Harry Sisson,L
2021746551710732725,"Maybe Pam Bondi should spend her time going after pedos connected to Epstein and not members of Congress who are trying to do their jobs. Just a thought, though.",428454304,"{'retweet_count': 203, 'reply_count': 130, 'like_count': 2143, 'quote_count': 4, 'bookmark_count': 7, 'impression_count': 26151}",Harry Sisson,L
2021737966037541278,I think every American can agree that Pam Bondi is just straight up evil. Defending Trump’s Epstein cover up while simultaneously ignoring the victims sitting behind her is nothing short of demonic. She needs to resign ASAP.,428454304,"{'retweet_count': 796, 'reply_count': 327, 'like_count': 7449, 'quote_count': 21, 'bookmark_count': 48, 'impression_count': 67709}",Harry Sisson,L
2021708089624314258,"WTF… The DOJ saved the search history of members of Congress while they were looking through the Epstein files. This is insane.

Photo from Roberto Schmidt / Getty https://t.co/OTrPPP61AX",428454304,"{'retweet_count': 3808, 'reply_count': 449, 'like_count': 23278, 'quote_count': 147, 'bookmark_count': 2464, 'impression_count': 1107501}",Harry Sisson,L
2021695728913993878,I don’t even think MAGA can defend Pam Bondi’s disastrous hearing today…,428454304,"{'retweet_count': 727, 'reply_count': 1069, 'like_count': 15171, 'quote_count': 38, 'bookmark_count': 112, 'impression_count': 221384}",Harry Sisson,L
2021678496557244470,Watch every second of this. Pam Bondi got called out for ignoring Epstein survivors. She won’t even look at them. https://t.co/Ebh8efR67I,428454304,"{'retweet_count': 712, 'reply_count': 173, 'like_count': 3965, 'quote_count': 34, 'bookmark_count': 180, 'impression_count': 57201}",Harry Sisson,L
2021667970913894908,DAMN… Rep. Moskowitz calling out Pam Bondi “Trump's name appears more times in the Epstein files than God's name appears in the book about God.” She is still covering up the files. https://t.co/GAnrZi75yx,428454304,"{'retweet_count': 317, 'reply_count': 112, 'like_count': 2248, 'quote_count': 11, 'bookmark_count': 51, 'impression_count': 36201}",Harry Sisson,L
2021658217118675405,"Wow. Look at this photo. Epstein victims raising their hands indicating they’ve been ignored by Trump and Pam Bondi’s DOJ. What a telling photo. 

Roberto Schmidt/AFP via Getty https://t.co/WGvFkOqziZ",428454304,"{'retweet_count': 1706, 'reply_count': 445, 'like_count': 9963, 'quote_count': 54, 'bookmark_count': 215, 'impression_count': 114914}",Harry Sisson,L
2021639485021450393,"The fact that Pam Bondi can’t apologize to Epstein victims, can’t answer questions about Epstein, and can’t conduct herself in a professional manner is embarrassing for Trump and the United States. What a disgrace.",428454304,"{'retweet_count': 1263, 'reply_count': 327, 'like_count': 11617, 'quote_count': 19, 'bookmark_count': 98, 'impression_count': 108176}",Harry Sisson,L
2021623322090311965,Pam Bondi is being humiliated in front of the entire country right now. She can’t answer a question about Epstein. It’s disgraceful.,428454304,"{'retweet_count': 3163, 'reply_count': 814, 'like_count': 39103, 'quote_count': 36, 'bookmark_count': 303, 'impression_count': 329332}",Harry Sisson,L
2021458131608535418,"So which one is it MAGA?

Did Trump not know about Epstein’s crimes?

Or did he know about Epstein’s abuse of little girls for years and only report it to police after Epstein had been arrested and an investigation had been ongoing? 

Can’t have both.",428454304,"{'retweet_count': 534, 'reply_count': 436, 'like_count': 4322, 'quote_count': 28, 'bookmark_count': 97, 'impression_count': 86226}",Harry Sisson,L
2021415653178306616,Rep. Dan Goldman just called out Trump’s DOJ for redacting files to protect Trump. This file should be unredacted and if the DOJ doesn’t then Rep. Goldman should go to the house floor and tell us what it says. https://t.co/4aP7FwvoaK,428454304,"{'retweet_count': 631, 'reply_count': 110, 'like_count': 1904, 'quote_count': 7, 'bookmark_count': 48, 'impression_count': 25385}",Harry Sisson,L
2021374434947248134,Trump admitted that he knew about Epstein’s crimes against little girls for years and only called police in 2006 after an investigation was launched. Trump was friends with someone he knew was abusing young girls.,428454304,"{'retweet_count': 259, 'reply_count': 349, 'like_count': 1874, 'quote_count': 8, 'bookmark_count': 40, 'impression_count': 35695}",Harry Sisson,L
2020693333639868558,NUEVAYoL 🇵🇷! https://t.co/qDyugVOnJi,266980765,"{'retweet_count': 18388, 'reply_count': 373, 'like_count': 236321, 'quote_count': 321, 'bookmark_count': 2855, 'impression_count': 3690318}",Zohran Kwame Mamdani,L
2019416869565001898,"I'm endorsing Gov. @KathyHochul because she's someone willing to engage in honest dialogue that delivers results.

Along with the movement that powered our campaign, it's how we secured a historic agreement on childcare. And we're just getting started.
https://t.co/EsENQOrmSh",266980765,"{'retweet_count': 1257, 'reply_count': 1315, 'like_count': 13759, 'quote_count': 539, 'bookmark_count': 378, 'impression_count': 1114599}",Zohran Kwame Mamdani,L
2019078895023063323,"In a few short months, @DianaforQueens built an incredible coalition and ran a movement campaign that earned nearly 75% of the vote last night.

I'm grateful that she will serve out my term in the Assembly, and hopefully many to come. Astoria is in good hands. https://t.co/a3FhZCgZhm",266980765,"{'retweet_count': 517, 'reply_count': 332, 'like_count': 6589, 'quote_count': 15, 'bookmark_count': 75, 'impression_count': 111843}",Zohran Kwame Mamdani,L
2018677247683481848,Learn more at https://t.co/5GQhE2xEhZ,266980765,"{'retweet_count': 63, 'reply_count': 63, 'like_count': 684, 'quote_count': 1, 'bookmark_count': 3, 'impression_count': 52854}",Zohran Kwame Mamdani,L
2018677199100838023,"Astoria and Long Island City: it’s Special Election Day! @DianaforQueens has my full support in her run for my old Assembly seat. 

Polls are open until 9PM and you can vote for Diana on the @NYWFP or Democratic line. https://t.co/S22GjIHL8l",266980765,"{'retweet_count': 290, 'reply_count': 276, 'like_count': 2383, 'quote_count': 15, 'bookmark_count': 39, 'impression_count': 97781}",Zohran Kwame Mamdani,L
2017260632752447970,"Today’s general strike is a direct challenge to ICE’s brutality.

We reject a system that terrorizes and dares to call it enforcement.

Your courage is inspiring the world. The power is with the people. 

Solidarity with everyone striking.",266980765,"{'retweet_count': 4611, 'reply_count': 2027, 'like_count': 38907, 'quote_count': 149, 'bookmark_count': 470, 'impression_count': 787811}",Zohran Kwame Mamdani,L
2016527812941750405,"The attack on @IlhanMN last night was disgusting and I am relieved that she is okay. Time and again, she has stood up to ugly racism &amp; intimidation and none of it will ever stop her from fighting for MN.",266980765,"{'retweet_count': 4131, 'reply_count': 4128, 'like_count': 62961, 'quote_count': 142, 'bookmark_count': 497, 'impression_count': 910452}",Zohran Kwame Mamdani,L
2016155089157710327,https://t.co/1S9urm9uqd,266980765,"{'retweet_count': 118, 'reply_count': 91, 'like_count': 2174, 'quote_count': 2, 'bookmark_count': 17, 'impression_count': 142862}",Zohran Kwame Mamdani,L
2016155024187859369,"Friends, I’m once again asking you to donate. But not to me! 

@claireforny is a union organizer, democratic socialist and my former Assembly colleague running for Congress in NY-7. Chip in today. https://t.co/jUtaVIjqx5",266980765,"{'retweet_count': 4436, 'reply_count': 2331, 'like_count': 52386, 'quote_count': 336, 'bookmark_count': 2162, 'impression_count': 2248256}",Zohran Kwame Mamdani,L
2014346128544678098,"Before I became mayor, I had the privilege of serving in the New York State Assembly. And on Tuesday, Feb. 3, Astoria &amp; Long Island City can elect @DianaforQueens to continue our work.

I'm so proud to endorse Diana, a Queens mom, an immigrant organizer &amp; a democratic socialist. https://t.co/0I35dCwQ7F",266980765,"{'retweet_count': 1206, 'reply_count': 408, 'like_count': 14204, 'quote_count': 21, 'bookmark_count': 405, 'impression_count': 330929}",Zohran Kwame Mamdani,L
2009746913193550151,I hope you’ll join me in making a donation today. https://t.co/C9NMfDX1Pt,266980765,"{'retweet_count': 57, 'reply_count': 77, 'like_count': 441, 'quote_count': 1, 'bookmark_count': 6, 'impression_count': 57955}",Zohran Kwame Mamdani,L
2009746875058962806,"Claire Valdez believes in the people who make Brooklyn and Queens run—and in their ability to shape our future. She’s running for Congress to deliver a real agenda for the working class. 

Proud to endorse @claireforny alongside @ShawnFainUAW, whose leadership has showcased https://t.co/tXgBhSaQPo",266980765,"{'retweet_count': 241, 'reply_count': 179, 'like_count': 1529, 'quote_count': 10, 'bookmark_count': 28, 'impression_count': 95016}",Zohran Kwame Mamdani,L
2007273861839196281,best way to end day 2: chicken roast and aloo bhortha from boishakhi https://t.co/RQWTE4C52W,266980765,"{'retweet_count': 1457, 'reply_count': 1638, 'like_count': 42159, 'quote_count': 222, 'bookmark_count': 467, 'impression_count': 940533}",Zohran Kwame Mamdani,L
2007098669640622405,"Welcome to A New Era, Cea Weaver!

Cea is joining as Director of the Mayor’s Office to Protect Tenants. She’s been leading Housing Justice for All and the New York State Tenant Bloc, where she helped pass the Housing Stability and Tenant Protection Act of 2019, landmark https://t.co/Ryc128Hed3",266980765,"{'retweet_count': 444, 'reply_count': 833, 'like_count': 3444, 'quote_count': 66, 'bookmark_count': 80, 'impression_count': 293145}",Zohran Kwame Mamdani,L
2006586152841564409,"Welcome to A New Era, Kamar Samuels, Ahmed Tigani and Louise Yeung!

Kamar Samuels joins as NYC Schools Chancellor after nearly two decades in NYC Public Schools. As Superintendent in Manhattan and Brooklyn, he led NYC Reads, expanded IB programs, and drove a 5% increase in https://t.co/TCxovjJ6un",266980765,"{'retweet_count': 420, 'reply_count': 690, 'like_count': 4324, 'quote_count': 22, 'bookmark_count': 113, 'impression_count': 270261}",Zohran Kwame Mamdani,L
2006586042128777252,"Welcome to A New Era, Dr. Helen Arteaga, Julia Kerson and Emmy Liss!

Dr. Helen Arteaga joins as Deputy Mayor of Health and Human Services. She's served as CEO of NYC Health + Hospitals/Elmhurst since 2021 and co-founded Plaza del Sol Family Health Center. She'll lead with https://t.co/FvP7aRXb7F",266980765,"{'retweet_count': 220, 'reply_count': 206, 'like_count': 2210, 'quote_count': 15, 'bookmark_count': 58, 'impression_count': 193589}",Zohran Kwame Mamdani,L
2006528196544434421,"Before the victory speech and celebrations on November 4, there were hours of anxious waiting as we watched the numbers come in. Here's a glimpse of it all, stress and joy alike. Thank you to every New Yorker who believed in this fight for working people. I am so proud to be https://t.co/1bZvChGNCG",266980765,"{'retweet_count': 2717, 'reply_count': 451, 'like_count': 34499, 'quote_count': 365, 'bookmark_count': 6593, 'impression_count': 3841161}",Zohran Kwame Mamdani,L
2006493932973338845,Watch the full video: https://t.co/wCSc4xxGec,266980765,"{'retweet_count': 64, 'reply_count': 101, 'like_count': 372, 'quote_count': 5, 'bookmark_count': 57, 'impression_count': 147394}",Zohran Kwame Mamdani,L
2006456781548265679,"On December 14th, I sat across from 142 New Yorkers as they shared their concerns, their dreams, the leadership they long for from City Hall. Our campaign was built around listening to the people of New York, and we will govern in the same way. Tomorrow, we get to work. https://t.co/1MgumTCxKU",266980765,"{'retweet_count': 668, 'reply_count': 420, 'like_count': 5892, 'quote_count': 40, 'bookmark_count': 292, 'impression_count': 293895}",Zohran Kwame Mamdani,L
2006202253263200462,"Welcome to A New Era, Ramzi Kassem!

Ramzi Kassem joins the administration from the City University of New York School of Law, where he co-founded and now co-directs CLEAR (Creating Law Enforcement Accountability &amp; Responsibility), which has been on the front lines of providing https://t.co/KmDmYGFTbg",266980765,"{'retweet_count': 401, 'reply_count': 564, 'like_count': 3359, 'quote_count': 68, 'bookmark_count': 95, 'impression_count': 245711}",Zohran Kwame Mamdani,L
2020691811451412617,"Trump admitted to watching Bad Bunny instead of Turning Point. Tonight was great, and this was the cherry on top.",1833606833442889728,"{'retweet_count': 752, 'reply_count': 99, 'like_count': 21175, 'quote_count': 4, 'bookmark_count': 225, 'impression_count': 204423}",Dean Withers,L
2020678372196569329,WOKE IS BACK,1833606833442889728,"{'retweet_count': 324, 'reply_count': 268, 'like_count': 8147, 'quote_count': 17, 'bookmark_count': 80, 'impression_count': 113658}",Dean Withers,L
2020672758397456685,Bad Bunny was the right choice. Great performance &amp; great message.,1833606833442889728,"{'retweet_count': 2192, 'reply_count': 503, 'like_count': 34777, 'quote_count': 38, 'bookmark_count': 289, 'impression_count': 456263}",Dean Withers,L
2020670152694534228,BREAKING: The TPUSA “All American Halftime Show” is complete ass😭 https://t.co/0NTM7aQLYo,1833606833442889728,"{'retweet_count': 2601, 'reply_count': 3184, 'like_count': 65038, 'quote_count': 1479, 'bookmark_count': 8441, 'impression_count': 5696829}",Dean Withers,L
2020649472154571261,"btw bad bunny is the second largest american artist. why would y’all not expect him to get a half time show? 

if anything i’m surprised it’s just now happening.",1833606833442889728,"{'retweet_count': 991, 'reply_count': 704, 'like_count': 33667, 'quote_count': 23, 'bookmark_count': 372, 'impression_count': 874561}",Dean Withers,L
2020003917871092013,“yeah he’s racist but you’re fat” https://t.co/HPkjOm9Ueb,1833606833442889728,"{'retweet_count': 449, 'reply_count': 115, 'like_count': 11968, 'quote_count': 13, 'bookmark_count': 124, 'impression_count': 121255}",Dean Withers,L
2019835327385625078,"Okay so let me get this straight… a “White House staffer” uploaded a racist video to Trumps Truth Social account, while in that same hour also uploading 75 other posts including videos of dogs eating whipped cream.

What an obvious bold face lie.",1833606833442889728,"{'retweet_count': 477, 'reply_count': 120, 'like_count': 9033, 'quote_count': 6, 'bookmark_count': 127, 'impression_count': 147015}",Dean Withers,L
2019665058461282621,"BREAKING: Trump just posted an incredibly racist photo of the Obama’s faces photoshopped on to the body of apes.

Every day is a new rock bottom for this ugly pig. https://t.co/GlMM7Cfjoe",1833606833442889728,"{'retweet_count': 3890, 'reply_count': 2032, 'like_count': 48954, 'quote_count': 619, 'bookmark_count': 1878, 'impression_count': 3585175}",Dean Withers,L
2019503178841309480,"Reminder: Trump is an undisputed rapist.  

A court unanimously held him liable for forcibly inserting his fingers into a woman's vagina.

Don't forget. Never forget.",1833606833442889728,"{'retweet_count': 595, 'reply_count': 147, 'like_count': 6946, 'quote_count': 11, 'bookmark_count': 94, 'impression_count': 101615}",Dean Withers,L
2017721750503772463,"The mass exodus has begun. My feed is full of now ex Trump Supporters renouncing their loyalty to MAGA.

From the Epstein files, to ICE brutality... the Trump administration is drowning in their own brutality &amp; lies.",1833606833442889728,"{'retweet_count': 2874, 'reply_count': 6167, 'like_count': 28815, 'quote_count': 294, 'bookmark_count': 615, 'impression_count': 1180688}",Dean Withers,L
2015589221722108117,"ICE Agents are Murderous, Lawless Thugs. Fuck Them &amp; Fuck Trump.",1833606833442889728,"{'retweet_count': 810, 'reply_count': 285, 'like_count': 9135, 'quote_count': 14, 'bookmark_count': 85, 'impression_count': 130802}",Dean Withers,L
2015544336839012380,"If anyone knows the original artist of this work, please let me know. I’d like to credit them.",1833606833442889728,"{'retweet_count': 47, 'reply_count': 141, 'like_count': 4852, 'quote_count': 3, 'bookmark_count': 34, 'impression_count': 187112}",Dean Withers,L
2015544204739346617,This is Trumps America. https://t.co/mJVMnDQcap,1833606833442889728,"{'retweet_count': 2037, 'reply_count': 1897, 'like_count': 18638, 'quote_count': 265, 'bookmark_count': 574, 'impression_count': 12573273}",Dean Withers,L
2015204095443828987,"He was an ICU nurse with no criminal record who moments before getting killed, caught a woman in his arms, saving her from falling to the ground.

This should radicalize you. https://t.co/HprKKczOdl",1833606833442889728,"{'retweet_count': 3563, 'reply_count': 315, 'like_count': 26482, 'quote_count': 26, 'bookmark_count': 615, 'impression_count': 394920}",Dean Withers,L
2015199869175021959,"This analysis of Alex Prettis Murder Proves that ICE executed a good, unarmed man in cold blood.👇 https://t.co/WR4eX4nPpt",1833606833442889728,"{'retweet_count': 654, 'reply_count': 71, 'like_count': 3120, 'quote_count': 46, 'bookmark_count': 428, 'impression_count': 94184}",Dean Withers,L
2015143137329508644,ICE KILLED HIM AFTER THEY TOOK HIS GUN!!! HE WASN’T ARMED WHEN THEY SHOT HIM!!,1833606833442889728,"{'retweet_count': 3735, 'reply_count': 1024, 'like_count': 58085, 'quote_count': 54, 'bookmark_count': 552, 'impression_count': 760997}",Dean Withers,L
2022396273312374961,https://t.co/IJw0ACYCK3 https://t.co/GOTf8hXmy6,22771961,"{'retweet_count': 180, 'reply_count': 0, 'like_count': 1772, 'quote_count': 5, 'bookmark_count': 20, 'impression_count': 68874}",Jim Acosta,L
2022318364874657990,The Epstein survivors have started this petition calling for a full release of the files. Sign here! https://t.co/R1kzAkcmds,22771961,"{'retweet_count': 1653, 'reply_count': 179, 'like_count': 4585, 'quote_count': 48, 'bookmark_count': 135, 'impression_count': 82306}",Jim Acosta,L
2022109512719905115,https://t.co/3UtDVs66hc https://t.co/di0csPsDMl,22771961,"{'retweet_count': 35, 'reply_count': 0, 'like_count': 414, 'quote_count': 5, 'bookmark_count': 9, 'impression_count': 42399}",Jim Acosta,L
2021663650696900804,Dude https://t.co/GUxpwo9JgO,22771961,"{'retweet_count': 2168, 'reply_count': 2, 'like_count': 19230, 'quote_count': 132, 'bookmark_count': 394, 'impression_count': 549663}",Jim Acosta,L
2021596123698184515,👀 https://t.co/SresrPOxsB,22771961,"{'retweet_count': 64, 'reply_count': 0, 'like_count': 307, 'quote_count': 1, 'bookmark_count': 2, 'impression_count': 17265}",Jim Acosta,L
2021415865296748569,"Live updates: Man detained for questioning in Nancy Guthrie's disappearance, source says https://t.co/ZRxF04rNm6",22771961,"{'retweet_count': 43, 'reply_count': 3, 'like_count': 337, 'quote_count': 0, 'bookmark_count': 5, 'impression_count': 41015}",Jim Acosta,L
2020687076593922073,A roll of paper towels for his tears? https://t.co/9utfsssxv6,22771961,"{'retweet_count': 477, 'reply_count': 3, 'like_count': 5250, 'quote_count': 32, 'bookmark_count': 52, 'impression_count': 189996}",Jim Acosta,L
2020673426453578031,"The only thing more powerful than hate is love. ¡Que bueno Bad Bunny!
 https://t.co/dJkWUW1V1j",22771961,"{'retweet_count': 3603, 'reply_count': 0, 'like_count': 35546, 'quote_count': 121, 'bookmark_count': 449, 'impression_count': 675003}",Jim Acosta,L
2020543636757246440,BREAKING: The Epstein survivors are releasing this ad on this Super Bowl Sunday to send the message that they will not “move on” from the largest sex trafficking scandal in the world. #standwithsurvivors https://t.co/JehYZa1hGw,22771961,"{'retweet_count': 30729, 'reply_count': 2, 'like_count': 110914, 'quote_count': 1662, 'bookmark_count': 5182, 'impression_count': 9219858}",Jim Acosta,L
2020256109429506495,Confidence. https://t.co/uyZWXoPUtv,22771961,"{'retweet_count': 205, 'reply_count': 0, 'like_count': 1382, 'quote_count': 11, 'bookmark_count': 22, 'impression_count': 53219}",Jim Acosta,L
2019994310511567337,https://t.co/7EZ8fy9RdL https://t.co/tOVM2XrzDa,22771961,"{'retweet_count': 574, 'reply_count': 0, 'like_count': 5332, 'quote_count': 13, 'bookmark_count': 65, 'impression_count': 171824}",Jim Acosta,L
2019841016069832979,First the WH @PressSec defended Trump’s racist tweet and mocked “fake outrage” coming from critics. Now they’re saying a staffer posted it around midnight and that the tweet has been deleted. Tell us another one! https://t.co/tjU3r8fws7,22771961,"{'retweet_count': 1101, 'reply_count': 0, 'like_count': 4669, 'quote_count': 50, 'bookmark_count': 98, 'impression_count': 135575}",Jim Acosta,L
2019809441793876345,RIP Sonny. https://t.co/btYMxFWeg3,22771961,"{'retweet_count': 40, 'reply_count': 0, 'like_count': 453, 'quote_count': 3, 'bookmark_count': 8, 'impression_count': 82419}",Jim Acosta,L
2019764468461314531,"I’m not going to repost that racist’s despicable garbage here. In his “Truth,” Trump told the truth about himself. Will @WhiteHouse repost? How about @TrumpWarRoom - are you all in? What about the staffers running @RapidResponse47 or @DHSgov - huh? Or maybe @USDOL - you there?",22771961,"{'retweet_count': 880, 'reply_count': 0, 'like_count': 6293, 'quote_count': 28, 'bookmark_count': 50, 'impression_count': 124130}",Jim Acosta,L
2019753860382818534,I spoke with @davidjollyfl about his faith and how he is leaning into the moral case he’s making to become Florida’s governor - https://t.co/3mBi0514jB https://t.co/Whrv9A9pAC,22771961,"{'retweet_count': 148, 'reply_count': 0, 'like_count': 660, 'quote_count': 2, 'bookmark_count': 16, 'impression_count': 75831}",Jim Acosta,L
2019752977632796735,And on YouTube - https://t.co/2SdzB0MPZ1,22771961,"{'retweet_count': 7, 'reply_count': 1, 'like_count': 48, 'quote_count': 0, 'bookmark_count': 2, 'impression_count': 38555}",Jim Acosta,L
2019752975816708306,Full show here: https://t.co/3mBi0514jB,22771961,"{'retweet_count': 5, 'reply_count': 1, 'like_count': 28, 'quote_count': 0, 'bookmark_count': 1, 'impression_count': 22258}",Jim Acosta,L
2019620091499893192,"After facing threats to her family, ⁦@SenatorSlotkin⁩ is refusing to sit down with DOJ in their “inquiry” into Dems who told service members don’t obey unlawful orders. Slotkin told me her lawyers advised her to not make any waves with Trump. She’s doing the opposite. https://t.co/ENDP51iU4i",22771961,"{'retweet_count': 679, 'reply_count': 1, 'like_count': 3496, 'quote_count': 15, 'bookmark_count': 59, 'impression_count': 120990}",Jim Acosta,L
2019616625532760169,https://t.co/Rpu9VpnxPS https://t.co/KXqbcSFIRv,22771961,"{'retweet_count': 135, 'reply_count': 0, 'like_count': 1685, 'quote_count': 6, 'bookmark_count': 11, 'impression_count': 53346}",Jim Acosta,L
2019516635652968805,Senator Slotkin and I discuss today at 4p ET on Substack and later on YouTube and wherever you get your podcasts. https://t.co/DzH9YfFAbn https://t.co/wMRUHK636h,22771961,"{'retweet_count': 42, 'reply_count': 0, 'like_count': 183, 'quote_count': 1, 'bookmark_count': 4, 'impression_count': 33045}",Jim Acosta,L
2021067966423405000,"Why did you redact Les Wexner’s name here in the first place? 

Are there other documents where you have redacted his name, which is against Congress’ orders? https://t.co/NXlc8FA8yd",138203134,"{'retweet_count': 4633, 'reply_count': 686, 'like_count': 37587, 'quote_count': 46, 'bookmark_count': 556, 'impression_count': 1188299}",Alexandria Ocasio-Cortez,L
2021064226945761709,"There are few better places to spend an afternoon than with the brothers and sisters of @UAW.

Together, we will build and fight for an economy that creates prosperity for the working class of our country - not just the very few.

See you on May Day! 🌹 https://t.co/O1QJFdWp0N",138203134,"{'retweet_count': 793, 'reply_count': 842, 'like_count': 5065, 'quote_count': 33, 'bookmark_count': 92, 'impression_count': 257892}",Alexandria Ocasio-Cortez,L
2020855353223545156,"A “fake American citizen?”

Didn’t you MOVE to Puerto Rico to avoid paying your taxes while kids across America go hungry?

Meanwhile Benito actually funds low income kids’ access to arts and sports programs, while you defund them.

Of course you’re mad. He makes you look small. https://t.co/lLfY8pcBLn",138203134,"{'retweet_count': 26423, 'reply_count': 3287, 'like_count': 279590, 'quote_count': 399, 'bookmark_count': 4075, 'impression_count': 6320142}",Alexandria Ocasio-Cortez,L
2020667661797953996,Boricua bowl let’s gooooo 🇵🇷🇵🇷🇵🇷,138203134,"{'retweet_count': 5884, 'reply_count': 1163, 'like_count': 104428, 'quote_count': 98, 'bookmark_count': 686, 'impression_count': 1361577}",Alexandria Ocasio-Cortez,L
2019785794949349850,"I hope Dems begin to see that moderate or progressive, AIPAC is not our friend.

They endorse January 6th insurrectionists. Yet if you so much as suggest the US uphold its own Leahy laws, no matter your record, they will work against you.

They are a right-wing organization that https://t.co/i7IkqNeciS",138203134,"{'retweet_count': 5161, 'reply_count': 1295, 'like_count': 32855, 'quote_count': 227, 'bookmark_count': 1242, 'impression_count': 1982319}",Alexandria Ocasio-Cortez,L
2018908779320955233,"Congratulations, Assemblywoman-elect @DianaforQueens! 🎈 

From universal childcare to expanding labor rights, I look forward to fighting for the people of Astoria alongside you. https://t.co/Jdoy70lcbD",138203134,"{'retweet_count': 324, 'reply_count': 295, 'like_count': 3979, 'quote_count': 4, 'bookmark_count': 50, 'impression_count': 248888}",Alexandria Ocasio-Cortez,L
2018357475641078209,Yo llegando hoy al Capitolio #benitooo https://t.co/8x6FeP6pLi,138203134,"{'retweet_count': 1262, 'reply_count': 325, 'like_count': 21997, 'quote_count': 44, 'bookmark_count': 318, 'impression_count': 678858}",Alexandria Ocasio-Cortez,L
2017636669130690984,"Even with everything in this Epstein drop, remember: this is a minority of the files.

This is STILL just what they were *willing* to release - in violation of the law, which requires release of all files.

Pam Bondi’s DOJ is still hiding most of them. We need them all.",138203134,"{'retweet_count': 29935, 'reply_count': 6024, 'like_count': 196710, 'quote_count': 802, 'bookmark_count': 3409, 'impression_count': 3613428}",Alexandria Ocasio-Cortez,L
2017300384105087092,"Between this, Epstein, and her attempted extortion of MN voter files, Bondi should be up for impeachment too. https://t.co/c2lyEG1356",138203134,"{'retweet_count': 12910, 'reply_count': 4229, 'like_count': 95280, 'quote_count': 278, 'bookmark_count': 1072, 'impression_count': 2430864}",Alexandria Ocasio-Cortez,L
2016344883502432526,"It is not a coincidence that after days of President Trump and VP Vance putting Rep. Omar in their crosshairs with slanderous public attacks, she gets assaulted at her town hall.

Thank God she is okay.

If they want leaders to take down the temp, they need to look in the mirror. https://t.co/riTbMBf1ka",138203134,"{'retweet_count': 7449, 'reply_count': 22440, 'like_count': 52233, 'quote_count': 910, 'bookmark_count': 1130, 'impression_count': 3031011}",Alexandria Ocasio-Cortez,L
2016206236509774024,"Together and across partisan lines we will protect women, children, and victims of nonconsensual AI deepfake pornography.

Thank you, @ParisHilton. https://t.co/HB7KUK0FL2",138203134,"{'retweet_count': 883, 'reply_count': 457, 'like_count': 13170, 'quote_count': 26, 'bookmark_count': 278, 'impression_count': 469978}",Alexandria Ocasio-Cortez,L
2015572523425869923,"Congress mandated that Bondi and her DOJ release the full Epstein Files. They refuse, and are breaking the law in hiding them.

Pedophile protectors shouldn’t be anywhere NEAR your vote records. https://t.co/ubs1O1Y28G",138203134,"{'retweet_count': 12154, 'reply_count': 2847, 'like_count': 58185, 'quote_count': 262, 'bookmark_count': 868, 'impression_count': 1340496}",Alexandria Ocasio-Cortez,L
2015549625675968649,"You are defending the open killing of everyday Americans for exercising their Constitutional rights.

First, the mother of a 6 year old child. Now, an ICU nurse to veterans. Both shot at nearly point blank range.

All without reflection or remorse. People will not forget this. https://t.co/XLefQqQNFk",138203134,"{'retweet_count': 15574, 'reply_count': 11286, 'like_count': 132920, 'quote_count': 577, 'bookmark_count': 1852, 'impression_count': 3833056}",Alexandria Ocasio-Cortez,L
2015277197804646665,"Today DHS assassinated a VA nurse in the street, Bondi is attempting to extort voter files, and half the country is bracing on the eve of a potentially crippling ice storm with FEMA gutted.

So what is the President up to? Having a movie night at the White House.

He’s unfit. https://t.co/fW1dzoZ8uH",138203134,"{'retweet_count': 10751, 'reply_count': 4707, 'like_count': 50748, 'quote_count': 364, 'bookmark_count': 999, 'impression_count': 1488613}",Alexandria Ocasio-Cortez,L
2015263610801385516,"Cynics and defeatists share the same story as authoritarians do: that nothing is worth trying, the conclusion is foregone, hope is naïve, and attempts to resist are too small or futile.

Don’t listen to them. Do not give up. Try. A better world is possible. We will win. We must.",138203134,"{'retweet_count': 6747, 'reply_count': 3017, 'like_count': 42151, 'quote_count': 534, 'bookmark_count': 1168, 'impression_count': 1451222}",Alexandria Ocasio-Cortez,L
2022770595239280754,"Great sitting down with @BrianTylerCohen to talk about everything from the courage we saw in Minnesota, to how Democrats can be true to our values and get stuff done, to how we’re building a community of changemakers at the @ObamaFoundation. https://t.co/xyskxKbM8n https://t.co/E02yOaHezK",813286,"{'retweet_count': 14419, 'reply_count': 13814, 'like_count': 107112, 'quote_count': 980, 'bookmark_count': 6645, 'impression_count': 29932620}",Barack Obama,L
2022034471336521953,"Today, the Trump administration repealed the endangerment finding: the ruling that served as the basis for limits on tailpipe emissions and power plant rules. Without it, we’ll be less safe, less healthy and less able to fight climate change — all so the fossil fuel industry can",813286,"{'retweet_count': 48780, 'reply_count': 46078, 'like_count': 404963, 'quote_count': 3875, 'bookmark_count': 17559, 'impression_count': 71753964}",Barack Obama,L
2021721313144877484,Republicans are still trying to pass the SAVE Act—a bill that would make it harder to vote and disenfranchise millions of Americans. Join @RedistrictAct and tell your member of Congress to vote no: https://t.co/Cc4JHKr73Q https://t.co/tUyxEbYJ0y,813286,"{'retweet_count': 31728, 'reply_count': 64720, 'like_count': 127117, 'quote_count': 4744, 'bookmark_count': 4822, 'impression_count': 16523946}",Barack Obama,L
2020709385694298594,Congratulations to the Super Bowl champion @Seahawks! This defense was special. MVP Kenneth Walker was dominant. And Sam Darnold gave us one of the best comeback stories in a long time. Enjoy the celebration.,813286,"{'retweet_count': 31115, 'reply_count': 7891, 'like_count': 663879, 'quote_count': 934, 'bookmark_count': 9401, 'impression_count': 66832880}",Barack Obama,L
2019927976247456225,"To all the athletes representing @TeamUSA: I'm so proud of you. Your talent and perseverance have brought you to this moment, and Michelle and I will be joining Americans from across the country cheering you on.",813286,"{'retweet_count': 33618, 'reply_count': 11595, 'like_count': 595783, 'quote_count': 1434, 'bookmark_count': 9541, 'impression_count': 67638428}",Barack Obama,L
2018761220996657179,Here’s a useful reminder of what our federal courts SHOULD be doing to uphold our constitutional traditions: https://t.co/xZG4IIdHmN,813286,"{'retweet_count': 17556, 'reply_count': 9076, 'like_count': 86147, 'quote_count': 653, 'bookmark_count': 4500, 'impression_count': 27211514}",Barack Obama,L
2018323947230540249,"If Congress doesn’t act, the last nuclear arms control treaty between the U.S. and Russia will expire. It would pointlessly wipe out decades of diplomacy, and could spark another arms race that makes the world less safe. This piece is worth the read. https://t.co/NPtKyjYRml",813286,"{'retweet_count': 31469, 'reply_count': 16438, 'like_count': 179142, 'quote_count': 1682, 'bookmark_count': 9332, 'impression_count': 42724636}",Barack Obama,L
2018008550027517952,"Black History Month is a time to recognize the lived, shared experience of all Black folks who have fundamentally shaped, challenged, and ultimately strengthened America. It’s about taking an unvarnished look at the past so that we can create a better future. As we mark 100 years https://t.co/WLZ5EpHK1K",813286,"{'retweet_count': 46760, 'reply_count': 15903, 'like_count': 288445, 'quote_count': 1352, 'bookmark_count': 13314, 'impression_count': 27419767}",Barack Obama,L
2016610376779964558,"In Minneapolis and many other communities across the country, we're seeing people come together to peacefully protest and support their neighbors. If you're looking to get involved, here are some ways to help: https://t.co/I2Md26PycU",813286,"{'retweet_count': 24051, 'reply_count': 22377, 'like_count': 172273, 'quote_count': 1723, 'bookmark_count': 5147, 'impression_count': 33861039}",Barack Obama,L
2016527270022639812,"Here’s a podcast that does a good job of laying out what’s at stake, and why all of us need to get off the sidelines to demand change. https://t.co/lISD5tmyyr",813286,"{'retweet_count': 2606, 'reply_count': 1315, 'like_count': 13037, 'quote_count': 186, 'bookmark_count': 2282, 'impression_count': 2310738}",Barack Obama,L
2016527268458172470,"More and more Americans are voicing their outrage at the tactics being deployed by federal agents in Minnesota. But it’s important to understand the broader implications of what this administration is doing, and the threat it poses to the basic freedoms of every American.",813286,"{'retweet_count': 42173, 'reply_count': 40216, 'like_count': 428358, 'quote_count': 3309, 'bookmark_count': 12175, 'impression_count': 71932223}",Barack Obama,L
2015479691147149747,"The killing of Alex Pretti is a heartbreaking tragedy. It should also be a wake-up call to every American, regardless of party, that many of our core values as a nation are increasingly under assault. https://t.co/0JmEsJ1QFW",813286,"{'retweet_count': 118925, 'reply_count': 66596, 'like_count': 822147, 'quote_count': 7492, 'bookmark_count': 31611, 'impression_count': 43616122}",Barack Obama,L
2013642704572281004,Congratulations to Indiana University and Coach Cignetti on winning their first College Football Playoff National Championship. One of the greatest turnarounds of all time. https://t.co/VCcZx09Z1y,813286,"{'retweet_count': 19702, 'reply_count': 6619, 'like_count': 328494, 'quote_count': 520, 'bookmark_count': 7213, 'impression_count': 36768095}",Barack Obama,L
2013250561873785055,"Dr. Martin Luther King, Jr. dedicated his life fighting for equity and justice. He taught us that even in the face of intimidation and discrimination, we must never stop working towards a better future – a lesson that feels especially relevant today.

Change has never been easy.",813286,"{'retweet_count': 59557, 'reply_count': 22352, 'like_count': 483859, 'quote_count': 2284, 'bookmark_count': 14252, 'impression_count': 60037941}",Barack Obama,L
2012561762457993598,"Happy birthday to the woman who lights up every room she walks into. I love you, Miche. https://t.co/2zEjufWEoy",813286,"{'retweet_count': 75369, 'reply_count': 62743, 'like_count': 1655093, 'quote_count': 7066, 'bookmark_count': 24608, 'impression_count': 72336988}",Barack Obama,L
2004220614404722920,Merry Christmas! Michelle and I hope you have a wonderful holiday filled with light and joy. https://t.co/9PANlRgHUh,813286,"{'retweet_count': 72896, 'reply_count': 36165, 'like_count': 1647974, 'quote_count': 6288, 'bookmark_count': 23899, 'impression_count': 75584401}",Barack Obama,L
2001752388974121278,"As 2025 comes to a close, I'm continuing a tradition that I started during my time in the White House: sharing my annual lists of favorite books, movies, and music. I hope you find something new to enjoy—and please send any recommendations for me to check out! https://t.co/T9LFt5fnKG",813286,"{'retweet_count': 40390, 'reply_count': 16925, 'like_count': 494971, 'quote_count': 17657, 'bookmark_count': 60247, 'impression_count': 56022430}",Barack Obama,L
2000442913885712602,"Michelle and I are heartbroken by the tragic passing of Rob Reiner and his beloved wife, Michele. Rob’s achievements in film and television gave us some of our most cherished stories on screen. But beneath all of the stories he produced was a deep belief in the goodness of",813286,"{'retweet_count': 26219, 'reply_count': 7214, 'like_count': 383759, 'quote_count': 1358, 'bookmark_count': 10337, 'impression_count': 48809342}",Barack Obama,L
2000314643429101823,"On this first night of Hanukkah, Michelle and I are praying for the families mourning a loved one after the horrific terrorist attack against Jewish people in Australia. For everyone lighting a candle tonight, may the glow of the menorah brighten your darkest moments. Chag",813286,"{'retweet_count': 15606, 'reply_count': 8273, 'like_count': 203417, 'quote_count': 887, 'bookmark_count': 4854, 'impression_count': 35456763}",Barack Obama,L
2022703162059297070,"Happy Valentine’s Day to my husband, who shows up for me every step of the way. I love you so very much, Dougie. https://t.co/EslWtVlo1L",30354991,"{'retweet_count': 1570, 'reply_count': 1385, 'like_count': 20271, 'quote_count': 98, 'bookmark_count': 312, 'impression_count': 342748}",Kamala Harris,L
2022434152046362646,"In Macon, Georgia, I heard from people who are doing the work of bringing folks together every day. Travis is a local bartender who works to make his space welcoming for people from all walks of life.

Thank you, Travis and The Rookery, for the work you do to build community. https://t.co/0IykRpXG9n",30354991,"{'retweet_count': 1206, 'reply_count': 697, 'like_count': 8347, 'quote_count': 82, 'bookmark_count': 268, 'impression_count': 352817}",Kamala Harris,L
2021589693029101999,"The Trump administration’s attempt to indict six Democratic lawmakers was an outrageous abuse of power and perhaps its most brazen attack on freedom of speech so far.

We should all be grateful to the citizens serving on this grand jury who saw through what the Trump Justice https://t.co/Klp85O2Qn5",30354991,"{'retweet_count': 3963, 'reply_count': 2201, 'like_count': 22873, 'quote_count': 129, 'bookmark_count': 328, 'impression_count': 613655}",Kamala Harris,L
2019918730399027616,"No one believes this cover up from the White House, especially since they originally defended the post. We are all clear-eyed about who Donald Trump is and what he believes. https://t.co/RbUsqAtQzD",30354991,"{'retweet_count': 27512, 'reply_count': 9083, 'like_count': 207548, 'quote_count': 528, 'bookmark_count': 3203, 'impression_count': 4775251}",Kamala Harris,L
2018724057655451817,"Greensboro, Charlotte, Columbia, and Savannah: I’m sorry I won’t be able to see you this week. The venues in each city will be in touch soon with the rescheduled date. Stay safe, stay warm, and I will see you out there. https://t.co/yvDvHqq1e7",30354991,"{'retweet_count': 1389, 'reply_count': 2494, 'like_count': 12601, 'quote_count': 142, 'bookmark_count': 332, 'impression_count': 835436}",Kamala Harris,L
2018090067122643171,"I am looking forward to being back on the road and back in community with you next week. 

Join me in Richmond, Greensboro, Charlotte, Columbia, and Savannah: https://t.co/pBtuS6p42O https://t.co/730CjvWqIh",30354991,"{'retweet_count': 830, 'reply_count': 829, 'like_count': 4566, 'quote_count': 49, 'bookmark_count': 115, 'impression_count': 268157}",Kamala Harris,L
2017345295038951757,"The First Amendment is a foundational promise to every American: Each of us has the freedom to speak, to report, and to hold those in power accountable without fear of retribution or retaliation.

Today, Donald Trump and his administration are once again trampling on our rights",30354991,"{'retweet_count': 11634, 'reply_count': 11321, 'like_count': 71407, 'quote_count': 726, 'bookmark_count': 1538, 'impression_count': 1966006}",Kamala Harris,L
2015201808038416742,"Alex Jeffrey Pretti was an ICU nurse at a VA hospital. His life, through his profession, was dedicated to serving his community and our country. 

As so many have now seen on video, his final act before he was killed by federal agents was doing everything in his power to protect",30354991,"{'retweet_count': 22703, 'reply_count': 11861, 'like_count': 150986, 'quote_count': 914, 'bookmark_count': 2422, 'impression_count': 3296015}",Kamala Harris,L
2014478583616487557,"Liam Ramos is just a baby. He should be at home with his family, not used as bait by ICE and held in a Texas detention center.

I am outraged, and you should be too. https://t.co/djr2z1AG0N",30354991,"{'retweet_count': 43642, 'reply_count': 30466, 'like_count': 235056, 'quote_count': 2353, 'bookmark_count': 4782, 'impression_count': 7126536}",Kamala Harris,L
2013340949556998567,"Rev. Dr. Martin Luther King, Jr. loved America. He loved our country so much that he dedicated his life — and in the end, his life was taken — in a fight for our nation's highest ideal: Freedom.

Last week, it was my honor to visit the National Civil Rights Museum in Memphis. As https://t.co/juQlIFD1MK",30354991,"{'retweet_count': 4557, 'reply_count': 1808, 'like_count': 29013, 'quote_count': 122, 'bookmark_count': 632, 'impression_count': 533463}",Kamala Harris,L
2011854211198185524,"On January 15, 1908, nine visionary women at Howard University established a sisterhood that has changed the lives of countless women — including me. And for 118 years, we have continued to lead around the world, with purpose and in service to all mankind. Happy Founders Day! https://t.co/yBgMFYqIlT",30354991,"{'retweet_count': 2956, 'reply_count': 1346, 'like_count': 25118, 'quote_count': 167, 'bookmark_count': 442, 'impression_count': 526496}",Kamala Harris,L
2009744947763958193,"For nearly 45 years, Steny Hoyer has represented the people of Maryland's 5th congressional district with conviction, tenacity, and heart. He has made life better for millions of Americans, especially through his instrumental role in passing the Affordable Care Act and Americans https://t.co/6CQmN4JsIX https://t.co/M70o7XkhKz",30354991,"{'retweet_count': 517, 'reply_count': 625, 'like_count': 3605, 'quote_count': 29, 'bookmark_count': 74, 'impression_count': 410733}",Kamala Harris,L
2009032629707005963,"Today in Minneapolis, ICE agents shot and killed a woman in a shocking incident. Governor Walz has announced the state will ensure a fair investigation, and I am grateful for his swift action.

Many of us have seen the horrifying and painful video, which makes it clear that the",30354991,"{'retweet_count': 16537, 'reply_count': 8838, 'like_count': 128559, 'quote_count': 601, 'bookmark_count': 2002, 'impression_count': 3340191}",Kamala Harris,L
2008984652632215946,"Today marks one year since the devastating Eaton Fire and Palisades Fire began.

I am thinking of the 31 lives lost and their loved ones, the survivors still rebuilding, and the heroic first responders who worked around the clock to help keep communities safe.

Californians know",30354991,"{'retweet_count': 643, 'reply_count': 630, 'like_count': 5324, 'quote_count': 32, 'bookmark_count': 83, 'impression_count': 297678}",Kamala Harris,L
2008661231721238963,"Five years ago, an armed mob stormed the United States Capitol. Inspired by lies and hatred spewed by Donald Trump, they used brutal violence and intimidation in an attempt to overturn a free and fair election. And since returning to office, Trump pardoned the insurrectionists https://t.co/Z38p4Rq6ux",30354991,"{'retweet_count': 7400, 'reply_count': 10510, 'like_count': 35276, 'quote_count': 546, 'bookmark_count': 751, 'impression_count': 1054914}",Kamala Harris,L
2008327636125200455,"I spoke with Governor Walz today, and what was clear — as it has been throughout his career — is that his decisions are always guided by what’s best for the people of Minnesota.

Tim has spent his life in public service putting Minnesotans first, leading with integrity,",30354991,"{'retweet_count': 3223, 'reply_count': 16271, 'like_count': 32716, 'quote_count': 705, 'bookmark_count': 820, 'impression_count': 2209386}",Kamala Harris,L
2007619471893045662,"Donald Trump’s actions in Venezuela do not make America safer, stronger, or more affordable.

That Maduro is a brutal, illegitimate dictator does not change the fact that this action was both unlawful and unwise. We’ve seen this movie before. Wars for regime change or oil that",30354991,"{'retweet_count': 34774, 'reply_count': 54843, 'like_count': 195183, 'quote_count': 5873, 'bookmark_count': 8524, 'impression_count': 22902412}",Kamala Harris,L
2004288124722335986,"From our family to yours, merry Christmas! We hope your day is filled with good people and good food. https://t.co/SPQgkyRd8S",30354991,"{'retweet_count': 7165, 'reply_count': 6015, 'like_count': 114440, 'quote_count': 473, 'bookmark_count': 842, 'impression_count': 2294025}",Kamala Harris,L
2002085880933286386,"Americans want leaders who fight for them.

Last week, I stopped by the DNC Winter Meeting to celebrate the wins we shared in 2025 and lay out how we fight against this administration and for our future. Watch now or read my remarks on Substack: https://t.co/uvb7oJIZes https://t.co/kGJuiUSQ5W",30354991,"{'retweet_count': 987, 'reply_count': 2178, 'like_count': 5836, 'quote_count': 96, 'bookmark_count': 175, 'impression_count': 341136}",Kamala Harris,L
2000442127856103609,"Rob Reiner's work has impacted generations of Americans. The characters, dialogue, and visuals he brought to life in film and television are woven throughout our culture. Rob loved our country, cared deeply about the future of our nation, and fought for America's democracy.

Rob",30354991,"{'retweet_count': 3694, 'reply_count': 910, 'like_count': 37601, 'quote_count': 94, 'bookmark_count': 350, 'impression_count': 763916}",Kamala Harris,L
2022476017797922861,"Thank you Durham, NC for a great turnout at our Fighting Oligarchy event.

We need candidates who are going to take on the oligarchs and fight for a government that works for working families, not just the 1%.

That's the kind of Member of Congress @NidaAllam will be. https://t.co/EkGrKIHzw3",216776631,"{'retweet_count': 311, 'reply_count': 294, 'like_count': 1596, 'quote_count': 14, 'bookmark_count': 31, 'impression_count': 69603}",Bernie Sanders,L
2022385830363292136,"LIVE: I’m in Durham, NC today for a Fighting Oligarchy rally with special guest @NidaAllam.  

Never before have so few people had so much wealth and so much power over our economy, media &amp; politics.
Together, we must defeat Oligarchy and Authoritarianism. https://t.co/Oyxbrt1o7v",216776631,"{'retweet_count': 297, 'reply_count': 408, 'like_count': 1067, 'quote_count': 19, 'bookmark_count': 18, 'impression_count': 62454}",Bernie Sanders,L
2021970321235124264,"Jeff Bezos is spending $200 billion on AI and robotics.

Jeff Bezos is replacing hundreds of thousands of his workers at Amazon with robots.

Jeff Bezos owns the Washington Post.

What a surprise. The Washington Post doesn’t want a moratorium on AI data centers. https://t.co/8E6iTTBKBk",216776631,"{'retweet_count': 3322, 'reply_count': 1095, 'like_count': 20393, 'quote_count': 148, 'bookmark_count': 477, 'impression_count': 606643}",Bernie Sanders,L
2021641909228146700,"Trump said, “We have the greatest economy ever in history.”

Really? What world is he living in?

60% live paycheck to paycheck.
85M are uninsured or underinsured.
800,000 are homeless.
AI could replace 100M jobs.

Just because the 1% is doing well doesn’t mean everyone else is.",216776631,"{'retweet_count': 4308, 'reply_count': 4263, 'like_count': 25308, 'quote_count': 193, 'bookmark_count': 456, 'impression_count': 616639}",Bernie Sanders,L
2021573947792212148,"Outspent four to one and starting at just 5% in the polls, Analilia Mejía won by taking on Trump’s authoritarianism and ICE, and fighting for an economy that works for the working class of this country—not billionaires.

Make no mistake: This can be done everywhere. https://t.co/Ro6m2xLXbI",216776631,"{'retweet_count': 974, 'reply_count': 559, 'like_count': 4087, 'quote_count': 36, 'bookmark_count': 59, 'impression_count': 147484}",Bernie Sanders,L
2021316638281236984,"Amazon says that it’s going to replace 600,000 workers with robots. Other companies are moving in the same direction.

How will working families feed their kids and pay their bills? We’ve got to fight back.",216776631,"{'retweet_count': 3433, 'reply_count': 14175, 'like_count': 26099, 'quote_count': 1271, 'bookmark_count': 1390, 'impression_count': 3388753}",Bernie Sanders,L
2021267113919348745,"Starting with almost no name recognition, Analilia Mejía took on the oligarchs, the Republican establishment and Democratic establishment—and WON.

The American people want leaders who stand up to the billionaire class and fight for working families. 

Congratulations, Analilia.",216776631,"{'retweet_count': 790, 'reply_count': 369, 'like_count': 6844, 'quote_count': 21, 'bookmark_count': 100, 'impression_count': 162770}",Bernie Sanders,L
2020953095082061903,Let’s have a little sympathy for the struggling billionaire class. https://t.co/iQLRE9iN2F,216776631,"{'retweet_count': 973, 'reply_count': 683, 'like_count': 5041, 'quote_count': 84, 'bookmark_count': 254, 'impression_count': 452509}",Bernie Sanders,L
2020635831157854380,"Trump called American Olympian Hunter Hess a “real loser” for criticizing what’s happening in our country under Trump.

Mr. President, this is not a monarchy. This is the United States and no one is required to bow down to you.

Hess is not a ""loser."" He's a proud American.",216776631,"{'retweet_count': 12333, 'reply_count': 10971, 'like_count': 99945, 'quote_count': 498, 'bookmark_count': 979, 'impression_count': 1590322}",Bernie Sanders,L
2020177290609717271,"In New Jersey — as Analilia’s campaign showed — and across the country, voters are saying loudly and clearly that they want a Democratic Party that stands with the working class, not billionaire campaign contributors. That’s how we win elections. That’s how we change the country. https://t.co/ry1iJjccPS",216776631,"{'retweet_count': 789, 'reply_count': 748, 'like_count': 3443, 'quote_count': 35, 'bookmark_count': 88, 'impression_count': 137930}",Bernie Sanders,L
2019905807064699326,"I want to congratulate the progressive grassroots movement in New Jersey.

While we don’t know the final results yet, @AnaliliaForNJ has already proven that a candidate with little name recognition can take on the billionaire class and political establishment in both parties.",216776631,"{'retweet_count': 424, 'reply_count': 240, 'like_count': 4569, 'quote_count': 10, 'bookmark_count': 50, 'impression_count': 146226}",Bernie Sanders,L
2019827382270706119,"Trump posted a disgustingly racist video depicting the Obamas as apes.

Are my Republican colleagues going to continue to bend the knee to a racist, authoritarian president who wants the American people to bow down before him? https://t.co/GO9h5A2ah8",216776631,"{'retweet_count': 25312, 'reply_count': 17811, 'like_count': 218315, 'quote_count': 1527, 'bookmark_count': 4606, 'impression_count': 6481344}",Bernie Sanders,L
2019437195132825775,"NEW JERSEY: You have an opportunity to send a powerful message to the billionaire class by sending Analilia Mejía — a strong progressive — to the United States Congress.

Today is election day.

VOTE!",216776631,"{'retweet_count': 1533, 'reply_count': 500, 'like_count': 10806, 'quote_count': 33, 'bookmark_count': 113, 'impression_count': 267120}",Bernie Sanders,L
2019196905168019636,"Corporations have raked in over $22 billion from Trump’s mass deportation machine, including:

Amazon $75M
Palantir $81M
Microsoft $93M
Deloitte $100M
CSI Aviation $1.2B

Companies should NOT be profiting from terrorizing our communities. Enough is enough.",216776631,"{'retweet_count': 2141, 'reply_count': 1162, 'like_count': 8459, 'quote_count': 72, 'bookmark_count': 240, 'impression_count': 252676}",Bernie Sanders,L
2019091214205612245,"Republicans have said for years they believe in small government.

Now Trump is telling every governor in America he wants to run their elections, in violation of the Constitution.

I hope Republicans have the courage to stand up to this authoritarianism. https://t.co/iAHX3xPCrm",216776631,"{'retweet_count': 3120, 'reply_count': 1607, 'like_count': 13973, 'quote_count': 105, 'bookmark_count': 179, 'impression_count': 262453}",Bernie Sanders,L
2018839574890561907,"Next week, I will be heading to North Carolina to hold a rally with @NidaAllam, a great progressive candidate for Congress.

We not only need to defeat Trumpism. We need a Democratic Party that stands up to the billionaire class and represents working families. https://t.co/qpsFiSPoXf",216776631,"{'retweet_count': 488, 'reply_count': 1106, 'like_count': 2328, 'quote_count': 35, 'bookmark_count': 51, 'impression_count': 108953}",Bernie Sanders,L
2018743118623862810,"This is what a corrupt campaign finance system is about.

While working families struggle, special interests like AIPAC and crypto spend hundreds of millions to buy politicians.

That’s why we must end Citizens United and move to public financing of elections. https://t.co/MReiid2Pah",216776631,"{'retweet_count': 1049, 'reply_count': 384, 'like_count': 3446, 'quote_count': 33, 'bookmark_count': 93, 'impression_count': 92003}",Bernie Sanders,L
2018447611829846455,"Trump is pushing through nearly $7 billion in weaponry to Israel.
 
The United States should not continue spending taxpayer dollars to arm Netanyahu's genocidal government.
 
We need health care for all Americans, not weapons for a war criminal.",216776631,"{'retweet_count': 9482, 'reply_count': 3499, 'like_count': 50299, 'quote_count': 434, 'bookmark_count': 715, 'impression_count': 1664644}",Bernie Sanders,L
2018370212353994901,"What should alarm us about the Epstein files isn’t just the appalling details.

It is the degree to which enormously wealthy and powerful people live by their own rules — and continue to get away with it.

It’s a club where the rules and the law don't apply. And you’re not in it.",216776631,"{'retweet_count': 18149, 'reply_count': 6891, 'like_count': 103945, 'quote_count': 881, 'bookmark_count': 2131, 'impression_count': 2537679}",Bernie Sanders,L
2017688882561622031,"Last night, my amendment to repeal ICE’s $75 billion funding increase and reverse cuts to Medicaid won the support of every Senate Democrat — and two Republicans.

That didn’t happen by accident. It happens when people organize and demand change. The struggle continues.",216776631,"{'retweet_count': 7250, 'reply_count': 2466, 'like_count': 58906, 'quote_count': 173, 'bookmark_count': 853, 'impression_count': 828990}",Bernie Sanders,L
2022757182060576979,https://t.co/GzvAR0pyVs,970207298,"{'retweet_count': 12, 'reply_count': 43, 'like_count': 34, 'quote_count': 1, 'bookmark_count': 0, 'impression_count': 16424}",Elizabeth Warren,L
2022757177740374102,"Sorry sweetie, but thanks to Trump’s policies, Valentine's Day treats are 15% more expensive this year.",970207298,"{'retweet_count': 87, 'reply_count': 1164, 'like_count': 948, 'quote_count': 33, 'bookmark_count': 14, 'impression_count': 45321}",Elizabeth Warren,L
2022424926230290680,It's been a whole year of RFK Jr. doing stuff only Donald Trump would let him do. https://t.co/cEJ0MlcRT0,970207298,"{'retweet_count': 670, 'reply_count': 485, 'like_count': 2259, 'quote_count': 27, 'bookmark_count': 71, 'impression_count': 78138}",Elizabeth Warren,L
2022370486861074927,https://t.co/id58LZZDXs,970207298,"{'retweet_count': 14, 'reply_count': 27, 'like_count': 33, 'quote_count': 1, 'bookmark_count': 2, 'impression_count': 11473}",Elizabeth Warren,L
2022370484780670977,"First Trump pushed out career national security experts working to counter cyber threats posed by China.

Now he’s shelving critical safeguards they put in place.

Why is the Trump Administration so eager to do Beijing’s bidding? https://t.co/BaWftpia1C",970207298,"{'retweet_count': 148, 'reply_count': 200, 'like_count': 345, 'quote_count': 6, 'bookmark_count': 8, 'impression_count': 17180}",Elizabeth Warren,L
2022326544379576711,"Corporate crooks stole money from their investors and defrauded Americans. They were convicted of crimes. Then Donald Trump got involved.

I asked Trump's SEC Chair about what happened next. https://t.co/fIu2pcnCXQ",970207298,"{'retweet_count': 357, 'reply_count': 319, 'like_count': 1209, 'quote_count': 14, 'bookmark_count': 46, 'impression_count': 51952}",Elizabeth Warren,L
2022075771100319943,https://t.co/Fna54MvZZH,970207298,"{'retweet_count': 12, 'reply_count': 40, 'like_count': 53, 'quote_count': 0, 'bookmark_count': 1, 'impression_count': 14196}",Elizabeth Warren,L
2022075768814416027,"Donald Trump is bragging that he's “very proud” of this economy.
 
But his first year in office was marked by the weakest job growth in more than a decade outside of Covid.
 
Trump needs to stop denying reality and start fixing the economic pain he's caused. https://t.co/dhW8IUScjg",970207298,"{'retweet_count': 277, 'reply_count': 661, 'like_count': 815, 'quote_count': 32, 'bookmark_count': 19, 'impression_count': 26255}",Elizabeth Warren,L
2022059948134609342,"Today, Republicans in Congress tried to shovel billions to ICE without any restraints whatsoever AGAIN.

Their bill doesn’t even make ICE follow the same rules that as local police officers.

I voted NO. https://t.co/j12v9iaGCE",970207298,"{'retweet_count': 2265, 'reply_count': 9201, 'like_count': 9500, 'quote_count': 308, 'bookmark_count': 171, 'impression_count': 167445}",Elizabeth Warren,L
2022042217612030431,"Trump's financial regulators can't even say insider trading is bad.

Most corrupt Administration in history. https://t.co/558XbeiUcy",970207298,"{'retweet_count': 1196, 'reply_count': 390, 'like_count': 3303, 'quote_count': 22, 'bookmark_count': 98, 'impression_count': 85227}",Elizabeth Warren,L
2022024516189519928,"NEWS: Trump just ousted the top official that protects you from illegal monopolies.

Every merger in front of the admin now reeks of double-dealing—Ticketmaster’s stock is already surging.

Congress has must unearth what happened and hold Trump accountable.",970207298,"{'retweet_count': 1430, 'reply_count': 183, 'like_count': 4268, 'quote_count': 16, 'bookmark_count': 83, 'impression_count': 60768}",Elizabeth Warren,L
2022002524254048380,"Donald Trump and his Treasury Secretary Scott Bessent can’t even acknowledge the rising costs of groceries.

So how could they possibly plan to fix it?

The answer is: They won’t. https://t.co/lOTRKE2MNS",970207298,"{'retweet_count': 319, 'reply_count': 2205, 'like_count': 1198, 'quote_count': 87, 'bookmark_count': 30, 'impression_count': 76330}",Elizabeth Warren,L
2021987334217248832,https://t.co/t1QJgUANtZ,970207298,"{'retweet_count': 7, 'reply_count': 21, 'like_count': 30, 'quote_count': 0, 'bookmark_count': 0, 'impression_count': 11314}",Elizabeth Warren,L
2021987332308840751,"Today’s shocking data confirms our housing crisis is getting worse while the Trump Administration refuses to act.

Prices are high, home sales are down. The end result? Fewer people can buy homes. https://t.co/TwKMLRFazL",970207298,"{'retweet_count': 67, 'reply_count': 362, 'like_count': 181, 'quote_count': 7, 'bookmark_count': 6, 'impression_count': 17347}",Elizabeth Warren,L
2021958500751225312,https://t.co/ZakFHDZ0GJ,970207298,"{'retweet_count': 24, 'reply_count': 16, 'like_count': 58, 'quote_count': 2, 'bookmark_count': 5, 'impression_count': 12023}",Elizabeth Warren,L
2021958498289168427,"Chinese investors may be secretly buying access to information on our cutting-edge military and intelligence capabilities.

How? By investing in SpaceX, a major U.S. military contractor.
 
We can't let this slide. I'm pressing Sec. Hegseth for answers. https://t.co/5eTtD2Ogtd",970207298,"{'retweet_count': 794, 'reply_count': 314, 'like_count': 1543, 'quote_count': 30, 'bookmark_count': 73, 'impression_count': 41633}",Elizabeth Warren,L
2021720779830751371,"When you're counting the ways that costs have gone up for Americans over the last year, be sure to include the cost of getting cheated.

Because Donald Trump has cost families $19 billion over the last year just by trying to take the financial cops off the beat. https://t.co/BxSnx9J1VC",970207298,"{'retweet_count': 331, 'reply_count': 774, 'like_count': 1050, 'quote_count': 24, 'bookmark_count': 25, 'impression_count': 53979}",Elizabeth Warren,L
2021672006371115443,"Last week, I asked sports betting companies about Americans getting scammed by credit card companies when placing sports bets -- to the tune of a $10 junk fee just to fund a $20 bet. 

Glad to see Fanduel take action to protect consumers from these junk fees, joining DraftKings. https://t.co/0Qmum9YpeK",970207298,"{'retweet_count': 30, 'reply_count': 68, 'like_count': 196, 'quote_count': 6, 'bookmark_count': 14, 'impression_count': 90026}",Elizabeth Warren,L
2021650310532628802,You should never have to choose between paying for health insurance or keeping a roof over your head. Never. https://t.co/nuneJsLJNE,970207298,"{'retweet_count': 171, 'reply_count': 997, 'like_count': 699, 'quote_count': 34, 'bookmark_count': 15, 'impression_count': 40761}",Elizabeth Warren,L
2021361106313412889,"Google could be sharing YOUR user data with Target and Walmart.

And what could those companies do with it? Jack up prices based on your search and chat history.

I'm pressing Google to come clean and tell users how their data is being used. https://t.co/ycT6SOPzKB",970207298,"{'retweet_count': 311, 'reply_count': 203, 'like_count': 1414, 'quote_count': 12, 'bookmark_count': 50, 'impression_count': 67487}",Elizabeth Warren,L
2023032719194943594,From @simonsinek and @Trevornoah: There is no community without kindness. https://t.co/Rv1bEzrfVH,15808765,"{'retweet_count': 9, 'reply_count': 16, 'like_count': 55, 'quote_count': 0, 'bookmark_count': 7, 'impression_count': 3606}",Cory Booker,L
2022851272601178213,Trump and the GOP think people who assault cops should be arbiters of justice. https://t.co/Wmc7Fngmo6,15808765,"{'retweet_count': 520, 'reply_count': 100, 'like_count': 1651, 'quote_count': 16, 'bookmark_count': 103, 'impression_count': 39823}",Cory Booker,L
2022739875427242179,This backwards thinking is going to lead to dirtier and more polluted America. The administration should follow the science not made up talking points. https://t.co/MLiwj4RGmg,15808765,"{'retweet_count': 337, 'reply_count': 328, 'like_count': 1097, 'quote_count': 12, 'bookmark_count': 39, 'impression_count': 23925}",Cory Booker,L
2022701597466259925,"Here is to love: indomitable, invincible, and eternal. https://t.co/8rSJiti1oi",15808765,"{'retweet_count': 47, 'reply_count': 256, 'like_count': 315, 'quote_count': 17, 'bookmark_count': 8, 'impression_count': 25726}",Cory Booker,L
2022667772808065396,"Today and every day, share kindness, share grace, share love.

op: mdmotivator via IG https://t.co/VaVRtulXHE",15808765,"{'retweet_count': 328, 'reply_count': 36, 'like_count': 1690, 'quote_count': 28, 'bookmark_count': 81, 'impression_count': 35414}",Cory Booker,L
2022396384427790834,Thank you for standing up and leading with love. https://t.co/VDsRc6jsE0,15808765,"{'retweet_count': 1554, 'reply_count': 1666, 'like_count': 11323, 'quote_count': 60, 'bookmark_count': 239, 'impression_count': 119457}",Cory Booker,L
2022131391862059506,Thank you Rich for your courageous truth telling. You are indeed a patriot and a great representative of our Nation’s best values. https://t.co/znpVzNAJl0,15808765,"{'retweet_count': 353, 'reply_count': 390, 'like_count': 2555, 'quote_count': 15, 'bookmark_count': 44, 'impression_count': 38231}",Cory Booker,L
2022088711559909465,"Rep. Fernández is right, the SAVE Act will stop millions of Americans from being able to vote as soon as it is signed into law. https://t.co/PJNBwjcUBL",15808765,"{'retweet_count': 864, 'reply_count': 1657, 'like_count': 2264, 'quote_count': 91, 'bookmark_count': 170, 'impression_count': 46862}",Cory Booker,L
2022039346749354190,"Join me on tour for my book, STAND, where we can discuss reclaiming our sense of common cause and how we change the course of our country’s history. I'll be in Newark, DC, Philadelphia, Atlanta, St. Louis, Chicago, NYC, Los Angeles and San Francisco. https://t.co/hvsuI5kUmc",15808765,"{'retweet_count': 5, 'reply_count': 51, 'like_count': 28, 'quote_count': 2, 'bookmark_count': 1, 'impression_count': 8135}",Cory Booker,L
2021933686200185226,"Scenes like this showcasing reckless violations of our constitution are all too common across our country. This out of control agency is violating our values, unjustly attacking Americans, and making our communities less safe. https://t.co/BgfTS5RyFv",15808765,"{'retweet_count': 9157, 'reply_count': 11803, 'like_count': 19642, 'quote_count': 802, 'bookmark_count': 1179, 'impression_count': 465378}",Cory Booker,L
2021777335737880994,"ICE &amp; DHS are completely out-of-control, and I will note vote for another dollar to these reckless agencies. https://t.co/KfXDIPk0o4",15808765,"{'retweet_count': 163, 'reply_count': 359, 'like_count': 594, 'quote_count': 19, 'bookmark_count': 10, 'impression_count': 18410}",Cory Booker,L
2021659620650234244,Tina Smith lays it plain. https://t.co/7lFrX7XvE4,15808765,"{'retweet_count': 98, 'reply_count': 34, 'like_count': 200, 'quote_count': 3, 'bookmark_count': 19, 'impression_count': 11444}",Cory Booker,L
2021608375889313801,"ICE and DHS are completely out-of-control. Congress must do its job and hold them accountable.

op: @rgoodlaw https://t.co/sUGBBqOgm1",15808765,"{'retweet_count': 191, 'reply_count': 326, 'like_count': 487, 'quote_count': 11, 'bookmark_count': 14, 'impression_count': 16472}",Cory Booker,L
2021416429124452757,My statement out tonight with @AndyKimNJ endorsing @AnaliliaForNJ. https://t.co/n7A2I4nZuI,15808765,"{'retweet_count': 57, 'reply_count': 55, 'like_count': 391, 'quote_count': 9, 'bookmark_count': 7, 'impression_count': 56775}",Cory Booker,L
2021330573860667540,"Instead of growing American manufacturing, Trump’s policies are crushing growth and jeopardizing our economic future. https://t.co/lcptADygN5",15808765,"{'retweet_count': 253, 'reply_count': 638, 'like_count': 566, 'quote_count': 24, 'bookmark_count': 30, 'impression_count': 16684}",Cory Booker,L
2021292190266257529,Keep speaking out and standing up. https://t.co/6EXgmFnGb2,15808765,"{'retweet_count': 4122, 'reply_count': 5255, 'like_count': 11940, 'quote_count': 293, 'bookmark_count': 837, 'impression_count': 264947}",Cory Booker,L
2021267129723400587,"Congratulations @Analilia_Mejia!!

NJ-11 deserves a representative who will stand up against the harm Trump and Republicans are doing to our state.

I'm proud to support Analilia and her people-powered campaign to ensure we keep the 11th district blue on April 16th.",15808765,"{'retweet_count': 59, 'reply_count': 93, 'like_count': 417, 'quote_count': 12, 'bookmark_count': 8, 'impression_count': 27765}",Cory Booker,L
2021244610865975438,Anything is possible when Corys unite! Good luck today! @TeamUSA @usacurl https://t.co/z82aSPCxVs,15808765,"{'retweet_count': 67, 'reply_count': 19, 'like_count': 1465, 'quote_count': 2, 'bookmark_count': 9, 'impression_count': 17843}",Cory Booker,L
2021231839914885184,"In a time where chaos and cruelty capture headlines, we should all know that kindness still abounds. May we be the kindness we hope to encounter in the world. https://t.co/kiKPw39Mqk",15808765,"{'retweet_count': 229, 'reply_count': 51, 'like_count': 968, 'quote_count': 14, 'bookmark_count': 39, 'impression_count': 21913}",Cory Booker,L
2021994468065648671,"Ending this operation is not enough. 

We need justice and accountability. That starts with independent investigations into the murders of Renee Good and Alex Pretti, economic restitution for businesses impacted, abolishing ICE, and the impeachment of Kristi Noem.",783792992,"{'retweet_count': 1514, 'reply_count': 0, 'like_count': 9032, 'quote_count': 162, 'bookmark_count': 96, 'impression_count': 123012}",Ilhan Omar,L
2021986967614107758,This administration loves to lie and terrorize the American people. https://t.co/J6OFNCkSOM,783792992,"{'retweet_count': 1118, 'reply_count': 0, 'like_count': 7051, 'quote_count': 37, 'bookmark_count': 149, 'impression_count': 119091}",Ilhan Omar,L
2021372148896682175,"The leader of the Pedophile Protection Party is trying to deflect attention from his name being all over the Epstein files. 

At least in Somalia they execute pedophiles not elect them. https://t.co/xC3Ype3zXI",783792992,"{'retweet_count': 9477, 'reply_count': 1, 'like_count': 63973, 'quote_count': 3245, 'bookmark_count': 1943, 'impression_count': 6858867}",Ilhan Omar,L
2019520527023390848,"I’m outraged. Our kids are living in terror under this unjust federal occupation. No child should endure the cruelty being inflicted at the hands of the Trump regime.

https://t.co/PmeWwVpnMa",783792992,"{'retweet_count': 409, 'reply_count': 1634, 'like_count': 1735, 'quote_count': 39, 'bookmark_count': 42, 'impression_count': 71074}",Ilhan Omar,L
2019133795358896311,"Not enough. Take all ICE and CBP agents out of Minnesota. The terror campaign must stop. 

This occupation has to end! https://t.co/7PJBybFBa8",783792992,"{'retweet_count': 954, 'reply_count': 2570, 'like_count': 6596, 'quote_count': 79, 'bookmark_count': 67, 'impression_count': 109470}",Ilhan Omar,L
2018737537586803147,"It is Caucus today! I hope you’ll join us at 7pm to build the community we deserve. We need you to show up to raise your voice and change the DFL party platform to support abolishing ICE and ending the federal occupation in Minneapolis. 

Find more info at https://t.co/TNvkq2G5Mz https://t.co/Mop7caN6aN",783792992,"{'retweet_count': 59, 'reply_count': 435, 'like_count': 539, 'quote_count': 12, 'bookmark_count': 12, 'impression_count': 51157}",Ilhan Omar,L
2018467811543376145,"Abolish ICE. 

There’s no reforming it. 

There’s no compromise. 

There’s only one way to rein in ICE’s terror campaign. Abolish it.",783792992,"{'retweet_count': 4119, 'reply_count': 12905, 'like_count': 33193, 'quote_count': 654, 'bookmark_count': 392, 'impression_count': 1780037}",Ilhan Omar,L
2017994107168112940,"Liam is home now and we are grateful to @JoaquinCastrotx for traveling to Minneapolis with him and his dad. 

Welcome home Liam ❤️❤️ https://t.co/EPr0sLJo9g https://t.co/nqza20kLkv",783792992,"{'retweet_count': 14145, 'reply_count': 0, 'like_count': 108402, 'quote_count': 1015, 'bookmark_count': 1619, 'impression_count': 3450537}",Ilhan Omar,L
2017726831021940851,"I’ll be supporting @AmyKlobuchar to be our next governor. 

Not only will she help us win back the DFL trifecta, she’s the right person to lead our state. https://t.co/csUvqHHKIZ",783792992,"{'retweet_count': 713, 'reply_count': 3954, 'like_count': 8363, 'quote_count': 217, 'bookmark_count': 148, 'impression_count': 602994}",Ilhan Omar,L
2017282749317472300,"Solidarity with every single person participating in today’s general strike against ICE’s terror campaign. 

You’re changing the world ✊🏽❤️",783792992,"{'retweet_count': 1235, 'reply_count': 2651, 'like_count': 14254, 'quote_count': 93, 'bookmark_count': 79, 'impression_count': 233935}",Ilhan Omar,L
2017280271771414675,"The arrests of Don Lemon, Georgia Fort, and Jamael Lundy are unacceptable and a clear violation of the Constitution.

This is a dangerous abuse of power that threatens the rights of every single American. 

They must be released immediately.",783792992,"{'retweet_count': 5106, 'reply_count': 23883, 'like_count': 26576, 'quote_count': 916, 'bookmark_count': 548, 'impression_count': 1785281}",Ilhan Omar,L
2016938072277917881,I didn’t do any of those things because I fear losing my dignity more than I fear losing my life. Something you coward losers will never understand. So fuck off. https://t.co/dVrhvI46Xd,783792992,"{'retweet_count': 15848, 'reply_count': 36999, 'like_count': 186839, 'quote_count': 2836, 'bookmark_count': 4069, 'impression_count': 13475540}",Ilhan Omar,L
2016915965519249703,"From refugee camp to Congress, I represent the American dream and that pisses Trump off. 

He’s going to have to deal with it. 💅🏽 https://t.co/rtS7XdPQsc",783792992,"{'retweet_count': 897, 'reply_count': 5200, 'like_count': 7479, 'quote_count': 192, 'bookmark_count': 139, 'impression_count': 373938}",Ilhan Omar,L
2016877958829326533,"The difference between the president and I is that I was raised to be a decent human being, and my faith teaches me to have compassion. 

He lacks both of those things. https://t.co/iV2OeNQSvn",783792992,"{'retweet_count': 4432, 'reply_count': 14741, 'like_count': 30492, 'quote_count': 672, 'bookmark_count': 565, 'impression_count': 1085518}",Ilhan Omar,L
2016333960939262423,"I’m ok. I’m a survivor so this small agitator isn’t going to intimidate me from doing my work. 

I don’t let bullies win. 

Grateful to my incredible constituents who rallied behind me. Minnesota strong.",783792992,"{'retweet_count': 13284, 'reply_count': 36702, 'like_count': 149564, 'quote_count': 1928, 'bookmark_count': 1991, 'impression_count': 7850372}",Ilhan Omar,L
2015904209745400180,Damn right. https://t.co/ckslG9d009,783792992,"{'retweet_count': 528, 'reply_count': 3064, 'like_count': 12331, 'quote_count': 105, 'bookmark_count': 84, 'impression_count': 604062}",Ilhan Omar,L
2015818278728257569,"Sorry, Trump, your support is collapsing and you’re panicking.

Right on cue, you’re deflecting from your failures with lies and conspiracy theories about me. Years of “investigations"" have found nothing. 

Get your goons out of Minnesota. https://t.co/OXYdRIcdHB",783792992,"{'retweet_count': 6053, 'reply_count': 28178, 'like_count': 39805, 'quote_count': 980, 'bookmark_count': 850, 'impression_count': 3364862}",Ilhan Omar,L
2015581446883164418,"Appreciation post for our legal observers holding it down and putting their lives on the line to protect their neighbors. 

The tide is turning against ICE. Some Republicans are speaking out.

Hold the line. Stay peaceful. Keep exercising your First Amendment rights.",783792992,"{'retweet_count': 679, 'reply_count': 2217, 'like_count': 5954, 'quote_count': 116, 'bookmark_count': 75, 'impression_count': 270171}",Ilhan Omar,L
2015564598078738922,"""ICE will leave Minnesota if you hand over your voter rolls"" tells you everything you need to know. 

This was never about immigration or fraud. It was always about rigging elections.",783792992,"{'retweet_count': 8133, 'reply_count': 14024, 'like_count': 58767, 'quote_count': 935, 'bookmark_count': 1243, 'impression_count': 8906553}",Ilhan Omar,L
2015544841405350257,"Voting NO on the DHS funding bill is the bare minimum.

Backing Kristi Noem’s impeachment is the bare minimum.

Holding law-breaking ICE agents legally accountable is the bare minimum.

ICE is beyond reform. Abolish it.",783792992,"{'retweet_count': 4819, 'reply_count': 5769, 'like_count': 26132, 'quote_count': 280, 'bookmark_count': 240, 'impression_count': 481813}",Ilhan Omar,L
2022820978623983634,"Pepper Sprayed

""Trump's DHS Grilled Over Fatal Encounters"" full video | https://t.co/i8RyTJI4Th https://t.co/F9Jl8TLdWC",1045110787,"{'retweet_count': 89, 'reply_count': 10, 'like_count': 305, 'quote_count': 2, 'bookmark_count': 7, 'impression_count': 17473}",Mary L Trump,L
2022413292719710599,"JD Booed

""Trump Humiliated as Olympians Strike Back"" full video | https://t.co/NfQDqOsoni https://t.co/MQbXt2Bh4P",1045110787,"{'retweet_count': 146, 'reply_count': 24, 'like_count': 903, 'quote_count': 3, 'bookmark_count': 14, 'impression_count': 27158}",Mary L Trump,L
2022122968210715022,"A million mentions and counting.
https://t.co/3XtuOTG3L2",1045110787,"{'retweet_count': 1078, 'reply_count': 100, 'like_count': 3695, 'quote_count': 13, 'bookmark_count': 49, 'impression_count': 27885}",Mary L Trump,L
2022079834491437149,"Baked In

""Trump Doubles Down on Racism"" full video | https://t.co/DofRsKxlB0 https://t.co/JFvs820Q8O",1045110787,"{'retweet_count': 64, 'reply_count': 16, 'like_count': 303, 'quote_count': 0, 'bookmark_count': 9, 'impression_count': 16153}",Mary L Trump,L
2021927302850920923,https://t.co/Y7u7LwRZ7j,1045110787,"{'retweet_count': 9, 'reply_count': 11, 'like_count': 58, 'quote_count': 0, 'bookmark_count': 2, 'impression_count': 12934}",Mary L Trump,L
2021765620790861868,"""FAA thwarted by party balloon."" That pretty much sums it up.",1045110787,"{'retweet_count': 238, 'reply_count': 39, 'like_count': 3092, 'quote_count': 4, 'bookmark_count': 8, 'impression_count': 30663}",Mary L Trump,L
2021697620578541871,"Because Pam Bondi is the most corrupt and depraved Attorney General in American history, she doesn't seem to care that it's her job to bring rapists of girls and young women to justice--not be a cheerleader for the fucking Stock Market.",1045110787,"{'retweet_count': 3954, 'reply_count': 425, 'like_count': 20236, 'quote_count': 64, 'bookmark_count': 143, 'impression_count': 174904}",Mary L Trump,L
2021680693139443870,The Recipe for Disaster https://t.co/9smFUTZbhE,1045110787,"{'retweet_count': 70, 'reply_count': 23, 'like_count': 282, 'quote_count': 1, 'bookmark_count': 11, 'impression_count': 20897}",Mary L Trump,L
2021673620238475704,"Pam Bondi won’t resign, and she won’t be fired. She’s doing exactly what her boss hired her to do.",1045110787,"{'retweet_count': 5472, 'reply_count': 1300, 'like_count': 45365, 'quote_count': 191, 'bookmark_count': 339, 'impression_count': 508731}",Mary L Trump,L
2021605584437411938,"The ham sandwich beats Jeanine Pirro again. Congratulations, ham sandwich! https://t.co/Ac5MCMk255",1045110787,"{'retweet_count': 215, 'reply_count': 25, 'like_count': 1639, 'quote_count': 3, 'bookmark_count': 5, 'impression_count': 18036}",Mary L Trump,L
2021581599490367619,https://t.co/Y7u7LwRZ7j,1045110787,"{'retweet_count': 23, 'reply_count': 6, 'like_count': 125, 'quote_count': 0, 'bookmark_count': 5, 'impression_count': 17474}",Mary L Trump,L
2021395799167672467,"Karoline Leavitt:  ""We're moving on from [the Epstein files].""

The rest of the world: ""No--we're not. Ever.""",1045110787,"{'retweet_count': 7668, 'reply_count': 760, 'like_count': 51710, 'quote_count': 113, 'bookmark_count': 315, 'impression_count': 397278}",Mary L Trump,L
2021336486390456601,"Massive amounts of resources are being deployed to protect sexual predators of teenage girls and young women, many of whom Donald chose to put in his administration. I'm sure that, and the fact that his name is mentioned in the files 38,000 times, is just a coincidence.",1045110787,"{'retweet_count': 1107, 'reply_count': 142, 'like_count': 5833, 'quote_count': 9, 'bookmark_count': 63, 'impression_count': 80212}",Mary L Trump,L
2021326094306095130,"Tommy Tuberville 

""This Will Change How We Vote Forever: Trump's Big Plan"" full video | https://t.co/c5ZGY5EGS1 https://t.co/bzs9fWKDX0",1045110787,"{'retweet_count': 118, 'reply_count': 21, 'like_count': 351, 'quote_count': 2, 'bookmark_count': 13, 'impression_count': 21144}",Mary L Trump,L
2021003784801898827,"""No Kings, No Hate, No Fear""
By Nils Lofgren

Free MP3 download here - https://t.co/THvFPDPnhv https://t.co/0hD6Blx9lp",1045110787,"{'retweet_count': 109, 'reply_count': 22, 'like_count': 487, 'quote_count': 4, 'bookmark_count': 21, 'impression_count': 18883}",Mary L Trump,L
2020996399157101027,LIVE: Mary Trump RESPONDS to BREAKING NEWS https://t.co/mTdi0p2sjr,1045110787,"{'retweet_count': 28, 'reply_count': 12, 'like_count': 121, 'quote_count': 0, 'bookmark_count': 6, 'impression_count': 8215}",Mary L Trump,L
2020977338167525387,"Primary the Dems 

""Trump Destroys World Relations Amid Global Chaos"" full video | https://t.co/nfwAIDFEed 

w/ Adam Parkhomenko https://t.co/RSFIx65S8Z",1045110787,"{'retweet_count': 60, 'reply_count': 19, 'like_count': 300, 'quote_count': 3, 'bookmark_count': 1, 'impression_count': 25791}",Mary L Trump,L
2020698101712130543,"Being on the right side of the good fight.
https://t.co/wcx79b6fu8",1045110787,"{'retweet_count': 31, 'reply_count': 3, 'like_count': 242, 'quote_count': 0, 'bookmark_count': 3, 'impression_count': 13624}",Mary L Trump,L
2020674729112117596,Imagine if Republicans had this kind of courage. https://t.co/qbDpJ63rtN,1045110787,"{'retweet_count': 1415, 'reply_count': 88, 'like_count': 6278, 'quote_count': 17, 'bookmark_count': 106, 'impression_count': 73955}",Mary L Trump,L
2020539874441343099,https://t.co/Y7u7LwRZ7j,1045110787,"{'retweet_count': 23, 'reply_count': 10, 'like_count': 96, 'quote_count': 0, 'bookmark_count': 1, 'impression_count': 10127}",Mary L Trump,L
2022883439263834285,"dude spent the last 2yrs+ calling every pro palestinian content creator antisemitic terrorists, tried to get us deplatformed, harassed us w a legion pedo rw allies-launched bs lawsuits against 3 smaller creators to bully &amp; silence them while losing %60 of his audience. drop the https://t.co/PgCBMkAi7k",326756275,"{'retweet_count': 987, 'reply_count': 258, 'like_count': 25265, 'quote_count': 15, 'bookmark_count': 1190, 'impression_count': 1025293}",hasanabi,L
2022880284870611101,the people yearn for a fighting party with conviction that centers the working class. the democrats can try to secure marginal victories as the controlled opposition party for their donors or fight fascism and save theoretical democracy. https://t.co/Wdw4hmy6hj,326756275,"{'retweet_count': 257, 'reply_count': 62, 'like_count': 2584, 'quote_count': 2, 'bookmark_count': 77, 'impression_count': 62666}",hasanabi,L
2022857218228662404,"cool adam mogged him so hard, he turned woke https://t.co/6farEkYeXD",326756275,"{'retweet_count': 244, 'reply_count': 104, 'like_count': 11601, 'quote_count': 7, 'bookmark_count': 417, 'impression_count': 295078}",hasanabi,L
2022834622800011662,"bald ogre said im an ""antisemitite,"" and that the new york times is ""fash-enated with me"" lmao https://t.co/wHhZu0ejmF",326756275,"{'retweet_count': 251, 'reply_count': 124, 'like_count': 4337, 'quote_count': 3, 'bookmark_count': 149, 'impression_count': 125760}",hasanabi,L
2022805524497203209,"the european political class made it very clear, they just want to hear nicer words, they're happy being vassals as long as you don't say the quiet part out loud. https://t.co/psV6F9kLvZ",326756275,"{'retweet_count': 739, 'reply_count': 106, 'like_count': 7168, 'quote_count': 18, 'bookmark_count': 302, 'impression_count': 145856}",hasanabi,L
2022762968849748231,👺HAPPY VALENTINES DAY!👺CHICAGO MAYOR IN THE BUILDING👺 WOKE2.0 BEASTMODE👺ICE BACKS DOWN IN MN👺MUNICH SECURITY CONFERENCE FOREIGN POLICY VISIONS👺CLAVS RISE TO FAME👺OKBUDDY👺GET IN NOW!! https://t.co/OTlQITPBfj https://t.co/NqdlM9r3Dm,326756275,"{'retweet_count': 222, 'reply_count': 118, 'like_count': 3785, 'quote_count': 5, 'bookmark_count': 46, 'impression_count': 68172}",hasanabi,L
2022685486226289090,"nurses strike in nyc, teachers strike in sf, even ice backed away from minneapolis. if the democrats won’t do it, well do it ourselves. now is the time for organizing. ordinary people have incredible bargaining power when they’re united! https://t.co/pmEYfYFOWg",326756275,"{'retweet_count': 2301, 'reply_count': 181, 'like_count': 20827, 'quote_count': 26, 'bookmark_count': 440, 'impression_count': 353251}",hasanabi,L
2022516726257287263,clippers. they have discord clip farms that pump your daily 4-8hr streams to massive tiktok accounts / yt/ ig and twitter https://t.co/PjUjx1AQn0,326756275,"{'retweet_count': 195, 'reply_count': 54, 'like_count': 5100, 'quote_count': 12, 'bookmark_count': 515, 'impression_count': 299586}",hasanabi,L
2022504692144918717,"when i said, they yelled at me. https://t.co/pwU0HiDkqM",326756275,"{'retweet_count': 1156, 'reply_count': 238, 'like_count': 19836, 'quote_count': 15, 'bookmark_count': 1348, 'impression_count': 306848}",hasanabi,L
2022421033073152339,👺BACK IN LA👺GOING TO CUBA!?! 👺 UBC WAS LIT👺ICE BACKS DOWN IN MN👺AOC IN MUNICH/ IS SHE RUNNING?👺CLAVICULAR MOGS NYT!👺ANOTHER OPP IS DOWN👺 FREAKY FRIDAY! GET IN NOW! https://t.co/OTlQITPBfj https://t.co/izXJ5QEmOi,326756275,"{'retweet_count': 84, 'reply_count': 94, 'like_count': 1677, 'quote_count': 6, 'bookmark_count': 22, 'impression_count': 51631}",hasanabi,L
2022332195306889457,the average american politicians foreign policy approach is antigay hitler or gay hitler - and they have the audacity to package this cruelty like it’s a necessity for human rights &amp; democracy. https://t.co/YfbnoPUK0z,326756275,"{'retweet_count': 1223, 'reply_count': 127, 'like_count': 9878, 'quote_count': 19, 'bookmark_count': 387, 'impression_count': 211460}",hasanabi,L
2022329233847333253,i’ll be participating in this. the us has strangled cuba since its succesful revolution for the crime of sovereignty &amp; dignity for its people! this latest example of the heightened blockade seeks to bring gazan siege warfare &amp; starvation closer to home. we mustn’t look away. https://t.co/Wol2b9uOVu,326756275,"{'retweet_count': 2773, 'reply_count': 653, 'like_count': 27924, 'quote_count': 156, 'bookmark_count': 759, 'impression_count': 643209}",hasanabi,L
2022313376769093948,beast mode wokeism https://t.co/zr0BZMHFag,326756275,"{'retweet_count': 2860, 'reply_count': 612, 'like_count': 72833, 'quote_count': 54, 'bookmark_count': 2861, 'impression_count': 2376851}",hasanabi,L
2022309210399080752,dealing with this website everyday i forget exactly how much this movement has grown over the years in the real world https://t.co/AWTZDcRkoL,326756275,"{'retweet_count': 657, 'reply_count': 301, 'like_count': 14636, 'quote_count': 57, 'bookmark_count': 521, 'impression_count': 414491}",hasanabi,L
2022298832277471716,heroes https://t.co/wou4sL80Oa,326756275,"{'retweet_count': 875, 'reply_count': 93, 'like_count': 11489, 'quote_count': 4, 'bookmark_count': 455, 'impression_count': 160525}",hasanabi,L
2022163967817527760,it’s literally the fundamental principle of democracy https://t.co/xTXO71rtX9,326756275,"{'retweet_count': 1754, 'reply_count': 252, 'like_count': 34404, 'quote_count': 44, 'bookmark_count': 451, 'impression_count': 501337}",hasanabi,L
2022041699602850022,👺IN CANADA👺CENTRIST LIB MELTDOWN CONT👺ICE BACKS DOWN IN MN👺PAMBONDI CRASHOUT HOGWATCH👺SPEECH AT UBC LATER!👺https://t.co/FTcjqZdvXi https://t.co/MCFKkGhGiw,326756275,"{'retweet_count': 78, 'reply_count': 55, 'like_count': 1137, 'quote_count': 4, 'bookmark_count': 23, 'impression_count': 52298}",hasanabi,L
2022892958681317470,"Alan Dershowitz: The predecessor on your show described Jeffrey Epstein as a convicted pedophile. He pleaded guilty to one count of having sex for money with a 17-year-and-10-month-old person. That’s not a pedophile.
 https://t.co/ynDrYtyrIa",1221462414744596483,"{'retweet_count': 179, 'reply_count': 307, 'like_count': 948, 'quote_count': 75, 'bookmark_count': 147, 'impression_count': 194760}",Republicans against Trump,L
2022870658716160260,"Trump: It bothers me that somebody’s going after Bill Clinton. I like Bill Clinton…. I liked his behavior toward me. he got me, he understood me. https://t.co/N7yRqK2Kfp",1221462414744596483,"{'retweet_count': 83, 'reply_count': 165, 'like_count': 516, 'quote_count': 26, 'bookmark_count': 54, 'impression_count': 86041}",Republicans against Trump,L
2022852594348040350,Big ideas from the party of Lincoln and Reagan https://t.co/DkmXPiC1OH,1221462414744596483,"{'retweet_count': 65, 'reply_count': 95, 'like_count': 810, 'quote_count': 8, 'bookmark_count': 31, 'impression_count': 29405}",Republicans against Trump,L
2022845613658804358,"The United States has slipped to its lowest-ever rank in a global corruption index
—CNN https://t.co/XRrJwJo6tU",1221462414744596483,"{'retweet_count': 2303, 'reply_count': 441, 'like_count': 12573, 'quote_count': 124, 'bookmark_count': 215, 'impression_count': 153953}",Republicans against Trump,L
2022806559617696071,"Hillary Clinton: ""I think the effort that Putin and Trump are making to profit off the misery and death of the Ukrainian people is a historic error and corrupt to the nth degree.""
 https://t.co/xq617OKfHs",1221462414744596483,"{'retweet_count': 2453, 'reply_count': 176, 'like_count': 13312, 'quote_count': 38, 'bookmark_count': 225, 'impression_count': 148598}",Republicans against Trump,L
2022800692214440114,"Construction executives have held multiple meetings over the last month with the WH and Congress to discuss immigration busts on job sites. 

“I told [lawmakers] straight up: South Texas will never be red again,” said Mario Guerrero, the CEO of the South Texas Builders",1221462414744596483,"{'retweet_count': 423, 'reply_count': 61, 'like_count': 1541, 'quote_count': 12, 'bookmark_count': 118, 'impression_count': 87217}",Republicans against Trump,L
2022794767482880389,"Q: What about the $2,000 checks you promised?

Trump: I'm looking at it very seriously…I can do that. I haven't made the commitment yet, but I may make the commitment
 https://t.co/FKwe39SzaN",1221462414744596483,"{'retweet_count': 213, 'reply_count': 382, 'like_count': 1125, 'quote_count': 56, 'bookmark_count': 37, 'impression_count': 63150}",Republicans against Trump,L
2022786095960703354,"Obama: “I'm term limited out. And by the way, I believe in the Constitution. And also…Michelle would divorce me even if I could run again.""
 https://t.co/3E5o5EtGpH",1221462414744596483,"{'retweet_count': 496, 'reply_count': 33, 'like_count': 8872, 'quote_count': 18, 'bookmark_count': 366, 'impression_count': 221120}",Republicans against Trump,L
2022778791169327306,Totally normal thing to say about your daughter. https://t.co/rOBknDpdiJ,1221462414744596483,"{'retweet_count': 627, 'reply_count': 141, 'like_count': 2476, 'quote_count': 59, 'bookmark_count': 231, 'impression_count': 80609}",Republicans against Trump,L
2022759225420546444,"Kristi Noem: ""When it gets to Election Day, we've been proactive to make sure we have the right people voting, electing the right leaders to lead this country.""

Saying the quiet part out loud.  
 https://t.co/W7JKUFSv67",1221462414744596483,"{'retweet_count': 713, 'reply_count': 285, 'like_count': 2394, 'quote_count': 107, 'bookmark_count': 134, 'impression_count': 191626}",Republicans against Trump,L
2022755795289436645,"As the Trump momentum grew, Epstein emailed his friend Barrack a greeting and a reminder of their shared past, writing: ""hope you are well. photos look good. fyi I receive many calls a week about both Donald ([redacted], marla, beauty contest. mara lago etc) and clinton from",1221462414744596483,"{'retweet_count': 155, 'reply_count': 11, 'like_count': 451, 'quote_count': 4, 'bookmark_count': 22, 'impression_count': 45329}",Republicans against Trump,L
2022755097051025682,"Donald Trump's longtime confidant Tom Barrack, now serving as U.S. ambassador to Turkey and special envoy to Syria, was in regular, close contact with Jeffrey Epstein for years after Epstein's 2008 conviction for soliciting a minor
—CBS News https://t.co/KnuCfyS0il",1221462414744596483,"{'retweet_count': 1777, 'reply_count': 118, 'like_count': 3961, 'quote_count': 76, 'bookmark_count': 118, 'impression_count': 62992}",Republicans against Trump,L
2022753762759049349,Rep. Massie: “I am not suicidal” https://t.co/3buMI9OvKk https://t.co/KwPkH1Y8eW,1221462414744596483,"{'retweet_count': 167, 'reply_count': 21, 'like_count': 1084, 'quote_count': 5, 'bookmark_count': 31, 'impression_count': 35951}",Republicans against Trump,L
2022745931935027314,"MTG: That fight came directly from President Trump...that is the truth. He fought the hardest to stop the Epstein files from being released. The only reason he signed the bill that we passed in the House was because he had to
 https://t.co/2Rsh2HviSa",1221462414744596483,"{'retweet_count': 833, 'reply_count': 75, 'like_count': 4594, 'quote_count': 16, 'bookmark_count': 199, 'impression_count': 169814}",Republicans against Trump,L
2022743909768822937,"Sen. Kelly: Marco Rubio said “The old world is gone.” It's gone because Donald Trump blew it up. 

We had this system of alliances that has served us since World War II. Even if we are able to repair these relationships, it's going to take generations before they feel comfortable https://t.co/X3S1egRYPV",1221462414744596483,"{'retweet_count': 1051, 'reply_count': 98, 'like_count': 6198, 'quote_count': 28, 'bookmark_count': 105, 'impression_count': 102284}",Republicans against Trump,L
2022733524458229984,"President Zelensky: 

“It is Ukrainians who are holding the European front…And even one Viktor can think about how to grow his belly, and not how to grow his army to stop Russian tanks from returning to the streets of Budapest.""
 https://t.co/7zUd5pJk10",1221462414744596483,"{'retweet_count': 298, 'reply_count': 27, 'like_count': 1590, 'quote_count': 5, 'bookmark_count': 31, 'impression_count': 29256}",Republicans against Trump,L
2022726981167780340,"Republican Sen. Thom Tillis fires back at Lindsey Graham for saying “Who gives a sh*t who owns Greenland”:

“The 55,000 Indigenous people of Greenland give a sh*t about who owns Greenland. We need to show them respect.” https://t.co/NxBx0KPiXJ",1221462414744596483,"{'retweet_count': 1738, 'reply_count': 80, 'like_count': 13603, 'quote_count': 23, 'bookmark_count': 367, 'impression_count': 325221}",Republicans against Trump,L
2022723833443004563,Whiny. Little. Bitch. https://t.co/k2WnnO0XJ1,1221462414744596483,"{'retweet_count': 128, 'reply_count': 53, 'like_count': 1167, 'quote_count': 1, 'bookmark_count': 26, 'impression_count': 52139}",Republicans against Trump,L
2022723447088873813,"Trump: Bill Maher asked to have dinner with me…He was extremely nervous, had ZERO confidence in himself and, to soothe his nerves, immediately, within seconds, asked for a “Vodka Tonic.”…Bill continues to suffer from a severe case of Trump Derangement Syndrome (TDS!), and there https://t.co/ElGGqfYRsB",1221462414744596483,"{'retweet_count': 104, 'reply_count': 215, 'like_count': 729, 'quote_count': 31, 'bookmark_count': 91, 'impression_count': 172790}",Republicans against Trump,L
2022710911270527458,"CNN reporter: “Now, the president also had pretty strong words. I was told even stronger language for Alabama Senator Katie Britt, who had also spoken out about this.
He had used a lot of expletives…And also said that she was dead to him”
 https://t.co/BrUynfFGWp",1221462414744596483,"{'retweet_count': 385, 'reply_count': 55, 'like_count': 2587, 'quote_count': 9, 'bookmark_count': 278, 'impression_count': 328258}",Republicans against Trump,L
2023034568186679444,"🚨🇨🇳🇯🇵 BREAKING: China's FM said that ""After WW2, Germany conducted a thorough reckoning with Nazi crimes and passed laws banning speech and actions that promote Nazi ideology.""  

""But Japan still pays homage to Class A war criminals, who are enshrined as so-called 'heroic https://t.co/RgERFhP9Ox",1151913018936053760,"{'retweet_count': 69, 'reply_count': 23, 'like_count': 286, 'quote_count': 4, 'bookmark_count': 13, 'impression_count': 9638}",Jackson Hinkle,L
2023027015071244486,"🚨🇨🇳 BREAKING: The Pentagon added, then sudddenly removed, critical Chinese memory makers CXMT and YMTC. https://t.co/mqjHcWforO",1151913018936053760,"{'retweet_count': 68, 'reply_count': 28, 'like_count': 437, 'quote_count': 2, 'bookmark_count': 12, 'impression_count': 18386}",Jackson Hinkle,L
2023019463021346855,The world does NOT like ISRAEL! https://t.co/zzpiByUuns,1151913018936053760,"{'retweet_count': 378, 'reply_count': 103, 'like_count': 2446, 'quote_count': 10, 'bookmark_count': 49, 'impression_count': 68774}",Jackson Hinkle,L
2023011914553672167,"🚨🇨🇳 Wujiang Bridge construction site, Guizhou, China.

China is the most advanced country on EARTH! https://t.co/UibWkr11jG",1151913018936053760,"{'retweet_count': 138, 'reply_count': 70, 'like_count': 637, 'quote_count': 9, 'bookmark_count': 26, 'impression_count': 16941}",Jackson Hinkle,L
2023004372293267934,"🚨🇨🇳This is Shenzhen.

China spends BILLIONS on DEVELOPMENT, NOT WAR! https://t.co/iJNEdfWCVf",1151913018936053760,"{'retweet_count': 65, 'reply_count': 47, 'like_count': 643, 'quote_count': 8, 'bookmark_count': 16, 'impression_count': 16988}",Jackson Hinkle,L
2022996812433641804,"🚨🇺🇸🇮🇱 BREAKING: Michael T. Lester, U.S. Naval Academy grad and former Marine combat pilot who served in the Gulf War says the US is occupied and AIPAC is the problem https://t.co/Zd2VyvKXTr",1151913018936053760,"{'retweet_count': 448, 'reply_count': 51, 'like_count': 1264, 'quote_count': 17, 'bookmark_count': 65, 'impression_count': 18778}",Jackson Hinkle,L
2022989276900704663,"🚨🇷🇺BREAKING: President Putin says ""no country in the world has the power that we have in terms of icebreakers, and we're going even further."" https://t.co/ld9g5KqoqE",1151913018936053760,"{'retweet_count': 132, 'reply_count': 78, 'like_count': 1152, 'quote_count': 4, 'bookmark_count': 20, 'impression_count': 39596}",Jackson Hinkle,L
2022985326428594344,"🚨🇺🇸🇨🇳 BREAKING: China’s all-female SWAT team beat the US all-male squad by 16 seconds at the UAE challenge, carrying a 120-kg tire. https://t.co/rdIyeowgyf",1151913018936053760,"{'retweet_count': 2976, 'reply_count': 592, 'like_count': 36286, 'quote_count': 256, 'bookmark_count': 1799, 'impression_count': 1286203}",Jackson Hinkle,L
2022971542234362002,China is WINNING! https://t.co/GcYiadmtYK,1151913018936053760,"{'retweet_count': 76, 'reply_count': 76, 'like_count': 718, 'quote_count': 5, 'bookmark_count': 24, 'impression_count': 24678}",Jackson Hinkle,L
2022958269900398785,"🚨🇺🇸🇮🇷 BREAKING: Second round of Iran-US talks to be held in Geneva this week.

This round will be crucial and could be the last before war breaks out https://t.co/Hjk4mDgzyu",1151913018936053760,"{'retweet_count': 144, 'reply_count': 99, 'like_count': 946, 'quote_count': 5, 'bookmark_count': 13, 'impression_count': 25999}",Jackson Hinkle,L
2022930969867833662,"Don’t stop talking about GAZA!

https://t.co/fPN9dJS0qL",1151913018936053760,"{'retweet_count': 1179, 'reply_count': 116, 'like_count': 3041, 'quote_count': 14, 'bookmark_count': 13, 'impression_count': 23790}",Jackson Hinkle,L
2022891563198656811,🚨🇺🇸🇵🇸 BREAKING: Spike Lee was seen wearing an outfit featuring the Palestinian flag during NBA All-Star Weekend events. https://t.co/cyHQLBqRkJ,1151913018936053760,"{'retweet_count': 666, 'reply_count': 82, 'like_count': 5298, 'quote_count': 7, 'bookmark_count': 66, 'impression_count': 63707}",Jackson Hinkle,L
2022891048045826433,"🚨🇨🇳🇮🇶BREAKING: The Iraqi army conducted a missile launch experiment using a Chinese CH5 drone at the Ain al-Asad base.

https://t.co/zc093JSeQe",1151913018936053760,"{'retweet_count': 475, 'reply_count': 71, 'like_count': 4122, 'quote_count': 11, 'bookmark_count': 127, 'impression_count': 137036}",Jackson Hinkle,L
2022890631710777399,🚨🇨🇳🇮🇷 BREAKING: Iran has received a number of Dongfeng 17 missiles from China - Israeli media claims. https://t.co/IXVugwHicl,1151913018936053760,"{'retweet_count': 760, 'reply_count': 222, 'like_count': 6142, 'quote_count': 30, 'bookmark_count': 119, 'impression_count': 188918}",Jackson Hinkle,L
2022890511606943837,"🚨🇨🇦🇮🇷 BREAKING: Canada announces new sanctions on Iran, says diplomatic relations won't reopen without regime change. https://t.co/Y7G9u99IeA",1151913018936053760,"{'retweet_count': 124, 'reply_count': 272, 'like_count': 858, 'quote_count': 33, 'bookmark_count': 24, 'impression_count': 48302}",Jackson Hinkle,L
2022875367871013084,🚨🇨🇳 BREAKING: China to reduce all tariffs to zero on imports from 53 African countries. https://t.co/UaspR2jZ6A,1151913018936053760,"{'retweet_count': 613, 'reply_count': 167, 'like_count': 3743, 'quote_count': 29, 'bookmark_count': 74, 'impression_count': 63647}",Jackson Hinkle,L
2022835802347020497,"Randy Fine calls for five year prison sentences for distributing anti Israel  flyers.  

He calls this a hate Crime.

Randy Fine is an enemy of the American people.

https://t.co/JLVn1YmWzM",1151913018936053760,"{'retweet_count': 1590, 'reply_count': 437, 'like_count': 9812, 'quote_count': 79, 'bookmark_count': 196, 'impression_count': 111986}",Jackson Hinkle,L
2022834738763907459,"Ted Cruz - ""I came into Congress to serve Israel.""

🤡🤡🤡🤡🤡

https://t.co/3Eb4aU549X",1151913018936053760,"{'retweet_count': 1159, 'reply_count': 261, 'like_count': 4660, 'quote_count': 89, 'bookmark_count': 184, 'impression_count': 74542}",Jackson Hinkle,L
2022817217339879644,"🚨🇯🇵🇨🇳 BREAKING: China Foreign Minister Wang Yi responds to Japan's PM invoking a ""Taiwan contingency"":   

“Try gambling again, the loss will be faster and more devastating (then the ww2)”

https://t.co/o98iC4HJTN",1151913018936053760,"{'retweet_count': 486, 'reply_count': 114, 'like_count': 3099, 'quote_count': 19, 'bookmark_count': 138, 'impression_count': 118643}",Jackson Hinkle,L
2022798641270829169,"🚨🇮🇱 🇱🇧 BREAKING: Israeli jets deploy flares over Mais al Jabal, in Lebanon.

https://t.co/q1ytWVotL3",1151913018936053760,"{'retweet_count': 405, 'reply_count': 78, 'like_count': 1223, 'quote_count': 8, 'bookmark_count': 34, 'impression_count': 41318}",Jackson Hinkle,L
